Chromosome,Strand,ClusterStart,ClusterEnd,ClusterID,ClusterSequence,ReadCount,ModeLocation,ModeScore,ConversionLocationCount,ConversionEventCount,NonConversionEventCount
chr1,+,569768,569785,G14.1,TCACATGCCTATCATATA,53,569778,0.7517786716829754,5,39,277
chr1,+,17067057,17067108,G33.1,CCAGGGCGAGGCTTATCCATTGCACTCCGGATGTGCTGACCCCTGCGATTTC,198,17067064,0.7819122632956866,8,71,1348
chr1,+,17067145,17067175,G33.2,AGTGGGGGACTGCGTTCGCGCTTTCCCCTGA,466,17067175,0.9552177889375945,7,351,3042
chr1,+,17222611,17222638,G36.1,TGGGGGACTGCGTTCGCGCTTTCCCCTG,1135,17222631,0.7062169247767549,7,289,8187
chr1,+,45242218,45242257,G57.1,TGTGCCACTTGCCAATGCAAGGACTTGTCATAGTTACACT,238,45242239,0.7844064023532658,7,211,2421
chr1,+,45244078,45244100,G59.1,TTTGTCCAGTTCTGCTACTGACA,248,45244093,0.6966669144152499,9,188,2015
chr1,+,76252756,76252789,G68.1,GGGTCAATGATGAGTTGGCATGTATTCTGAATCT,631,76252766,0.8391932349490068,8,445,6316
chr1,+,76255199,76255230,G70.1,AGTTGATGTGAGTTCTAAAATTACACTGAGAC,1479,76255220,0.7998991280684375,5,703,11495
chr1,+,145277418,145277441,G107.1,CGAAAGACTAATTGAACCATCTAG,28176,145277431,0.9190835117457367,5,26218,105452
chr1,+,161500912,161500945,G125.1,GTATAGTGGTGAGCATAGCTGCCTTCCAAGCAGT,615,161500922,0.8812782554537406,5,467,4569
chr1,+,237766414,237766440,G167.1,ATGACTCTCTTAAGGTAGCCAAATGCC,1603,237766430,0.8837772713805104,6,218,10435
chr1,+,237766463,237766505,G167.2,CATGAATGGATGAACGAGATTCCCACTGTCCCTACCTACTATC,6079,237766463,0.6743872438902749,10,560,49083
chr1,+,249168446,249168475,G174.1,TTCCCTGGTGGTCTAGTGGTTAGGATTCGG,7770,249168466,0.7755297117199164,8,2645,73989
chr1,-,16861797,16861836,G195.1,GTCTAGTGGCTAGGATTCGGCGCTTTCACCGCCGCGGCCC,104,16861812,0.8043955215227283,5,48,807
chr1,-,16993280,16993310,G197.1,TAGTGGGGGACTGCGTTCGCGCTTTCCCCTG,121,16993301,0.8994951062233942,7,124,917
chr1,-,28905276,28905329,G204.1,TCCAGGATGAAACCTAATTTGAGTGGACATCCATGGATGAGAAATGCGGATATG,769,28905285,0.7645304626447467,12,668,8747
chr1,-,28906893,28906931,G205.1,TACAATACCTGCAAGCTGCCACTCAGCTTTCCTATAATG,278,28906926,0.7322984258615455,6,159,2810
chr1,-,45196755,45196784,G216.1,GGAGAGAAACCGTTTTGAGTTTCAAGCAAA,199,45196768,0.7532318463338876,6,177,926
chr1,-,45285554,45285576,G217.1,AGGCCTCTTATTTCCTGAGGCTA,126,45285564,0.7729086164913593,5,73,920
chr1,-,91852821,91852849,G235.1,CTATCATTGTGAAGCAGAATTCACCAAGC,15436,91852836,0.8557836998880816,7,1096,41246
chr1,-,91852850,91852904,G235.2,GGCGGCCAAGCGTTCATAGCGACGTCGCTTTTTGATCCTTCGATGTCGGCTCTTC,49415,91852859,0.7076977477004434,17,6843,363462
chr1,-,91852941,91852959,G235.3,TTTGGGTTTTAAGCAGGAG,29868,91852949,0.5671122679539943,7,1206,73344
chr1,-,91853010,91853022,G235.4,TTGATCTTGATTT,8697,91853016,0.5219674325628753,8,636,54497
chr1,-,91853069,91853095,G235.5,GGTAACGCAGGTGTCCTAAGGCGAGCT,22790,91853087,0.8052817008679771,5,2515,88664
chr1,-,108113087,108113108,G240.1,TCGCGCCCGGCTGTACCCATAT,42434,108113100,0.931572662662467,5,39713,127069
chr1,-,120543934,120543957,G251.1,CGAAAGACTAATTGAACCATCTAG,6915,120543944,0.9129729133238336,5,7214,27109
chr1,-,145969269,145969297,G256.1,TGGGGGACTGCGTCCGCGCTTTCCCCTGA,1515,145969269,0.9115266324401071,6,488,9978
chr1,-,148582000,148582024,G258.1,GCTGCCGCACCCTGTGTCTAAGCTG,2169,148582000,0.8906014989225264,5,127,11886
chr1,-,149514093,149514107,G261.1,CGTTCGCGCTTTCCT,80,149514096,0.901190182213711,5,125,305
chr1,-,161417041,161417089,G274.1,TCCCTGGTGGTCTAGTGGTTAGGATTCGGCGCTCTCACCGCCGCGGCCC,522,161417086,0.7712834304625712,6,141,5922
chr1,-,161431852,161431881,G278.1,CTCCCTGGTGGTCTAGTGGTTAGGATTCGG,880,161431861,0.7714759424610489,6,190,8315
chr1,-,161439233,161439260,G280.1,TCCCTGGTGGTCTAGTGGTTAGGATTCG,445,161439257,0.8609013163727531,6,340,3539
chr1,-,173833334,173833357,G285.1,AATACATGATGATCTCAATCCAAC,7164,173833346,0.8775486126428597,6,6383,36014
chr1,-,173833564,173833584,G286.1,TAACCAATGATGTAATGATTC,4788,173833575,0.7967378156892642,6,3119,25839
chr1,-,173833995,173834013,G287.1,TAACGCTGATGAGCAATAT,6063,173834003,0.7716109859197777,5,1582,26269
chr1,-,173834021,173834043,G287.2,ATACAATGATGATAACATAGTTC,4916,173834031,0.8599170928238198,7,3321,30441
chr1,-,173834499,173834524,G288.1,GAGAAAGAAAATGGAGATTAATCTTA,601,173834515,0.8429544507605222,6,147,1058
chr1,-,173834545,173834565,G288.2,TTAGTGATGATTTTAAAATTA,551,173834556,0.7416430005791687,7,454,5055
chr1,-,173834798,173834821,G289.1,TAATGATGTTGATCAAATGTCTGA,332,173834811,0.6577054540733643,8,242,2402
chr1,-,173835110,173835127,G290.1,TCTTAATTAGCTCTAACT,433,173835118,0.6065554324852256,5,212,3223
chr1,-,173835139,173835162,G290.2,GATGATGATAAGCAAATGCTGACT,1327,173835151,0.8025490036069506,5,797,7112
chr1,-,173835474,173835504,G291.1,ACTATGATGGTTGCATAGTTCAGCAGATTTA,647,173835484,0.7746581038804919,6,519,5233
chr1,-,173835797,173835837,G292.1,GTTTATTTGCTACTCTTGAGTGCTAGAATGATGAGGATCTT,1089,173835806,0.7892676791954262,14,645,6588
chr1,-,235291118,235291144,G324.1,CAGTCTTATTTCATACCTGCGACATCT,428,235291118,0.7269946806597197,7,266,3996
chr10,+,70514944,70514967,G347.1,TAAATCCTATTCCATTGCTGAAAT,670,70514956,0.7530528829160245,7,697,4865
chr11,+,65193953,65193970,G485.1,TTTCTTCCCCTTTACAGC,158,65193964,0.860712629180956,6,99,1030
chr11,+,65268283,65268302,G507.1,ATGGTAACCTTTTATTTATT,462,65268293,0.7057099567899542,8,228,4347
chr11,+,65269190,65269225,G510.1,TACAGCACAGTGCAGCTTTGGTTCATATTCAGTCAT,86,65269198,0.7092133430590581,7,54,770
chr11,+,65270222,65270250,G516.1,TCATACCTCCATTGGGGAATAAGCATAAC,77,65270241,0.8245534571824495,5,59,370
chr11,+,65270883,65270895,G519.1,TCTTTAAATAATT,92,65270883,0.808704174764547,5,111,530
chr11,+,65271055,65271084,G520.1,ACCATTAAATCATTCAAAATAATAAACTAT,368,65271064,0.6414403151185111,9,242,2984
chr11,+,65271091,65271110,G520.2,TAGAGAATGTATACTTTTAG,329,65271101,0.7522023746777811,5,98,992
chr11,+,65272351,65272382,G525.1,TAGCCTATTTACTTTAAATAAACCAAACATTC,70,65272377,0.7539726420515739,6,74,644
chr11,+,75115575,75115600,G539.1,TTTATTGATCGATTTAGAGGCATTTG,574,75115586,0.8304808967737368,5,353,6374
chr11,+,77597585,77597621,G543.1,CTCTCTTAAGGTAGCCAAATGCCTTGTCATCTAATTA,10031,77597609,0.9551180431143023,11,2081,44396
chr11,+,85195063,85195086,G546.1,GGTAAACTCCATTTAAGGCTAAAT,32941,85195075,0.9289206343331288,7,16174,117830
chr11,-,46797805,46797845,G587.1,CTGAAGAGCTCAAAAAGGAAAATCCTTTCTTGAGGCAAGAG,22993,46797818,0.7532897415223759,8,448,115813
chr11,-,59318120,59318164,G591.1,TGTAGTGGTTATCACGTCTGCTTTACACGCAGAAGGTCCTGGGTT,127,59318132,0.7686795140130911,7,114,1554
chr11,-,62609096,62609131,G599.1,CGACCTGGTATTGCAGTACTTCCAGGAACGGTGCAC,143,62609096,0.9098864163688423,5,66,652
chr11,-,62609137,62609170,G599.2,GGAGATGGAATAGGAGCTTGCTCCGTCCACTCCA,610,62609160,0.7905205814387636,5,50,855
chr11,-,62609179,62609213,G599.3,TCCTCTATCCGAGGACAATATATTAAATGGATTTT,1161,62609203,0.6725520396486675,12,573,12053
chr11,-,62609218,62609237,G599.4,CTTATCAGTTTAATATCTGA,1118,62609229,0.645466355140314,6,164,2828
chr11,-,62620479,62620502,G601.1,ATGAAGAAACTTTCACATGTCTTA,535,62620494,0.6723007366437648,7,272,3982
chr11,-,62620812,62620837,G602.1,GTCTGATCAATGTGTGACTGAAAGGT,77517,62620828,0.6176443123666582,8,4138,613144
chr11,-,62621390,62621433,G603.1,GATGAATCAAACTAGCTCACTATGACCGACAGTGAAAATACATG,815,62621403,0.87871269272954,8,698,4667
chr11,-,62622495,62622515,G604.1,TTTCAAGTGATGTCATCTTAC,14561,62622506,0.8447562909319534,7,10461,119619
chr11,-,62622786,62622811,G605.1,TCTCTCTTTCTGATGGATTAGTGGAG,474,62622794,0.6181785625809044,8,248,4028
chr11,-,62622814,62622837,G605.2,TACGGGGATGATTTTACGAACTGA,472,62622823,0.6496937087048669,6,186,2451
chr11,-,93464715,93464735,G628.1,TTATGATGATGGGCGAAATGT,1807,93464724,0.9289605660972867,6,1490,11105
chr11,-,93465210,93465246,G629.1,TGTGGCTAAATTGAGACAGGTTATGCTTCCATCACAG,569,93465236,0.7861334569308016,6,307,4828
chr11,-,93466427,93466453,G631.1,ATTTAACTGTTCAACTGCTGAATGATA,570,93466438,0.8092281055169912,8,327,4917
chr11,-,122930061,122930092,G645.1,ACCAAAAGCTTGGCTAATGATGGCAACACCTT,1071,122930070,0.9513458879840253,5,1027,5199
chr11,-,129755621,129755643,G649.1,ATGTGCATCTTTCTTTGTGATCT,1199,129755632,0.7860041508687816,6,66,13374
chr12,+,20704383,20704403,G681.1,CTCTTTCTCGATTCCGTGGGT,1978,20704394,0.6789233555768025,9,350,14952
chr12,+,20704419,20704439,G681.2,TTCTTAGTTGGTGGAGCGATT,2309,20704429,0.6315424254002608,8,278,13333
chr12,+,20704446,20704486,G681.3,GTTAATTCCGATAACGAACGAGACTCTGGCATGCTAACTAG,4034,20704465,0.7070410105280407,9,666,24178
chr12,+,50850359,50850383,G694.1,CAGTGATGATCACTATTCCTACTTA,208,50850369,0.7244546661750347,5,140,1725
chr12,-,34372607,34372649,G754.1,AGAGGAACCGCAGGTTCAGACATTTTGTGTATGTGCTTGGCTT,10418,34372629,0.5813336631781384,12,1082,108433
chr12,-,85562725,85562742,G781.1,TTTACCCTATTGATGATA,137,85562733,0.7595662190406969,5,142,903
chr12,-,120729622,120729662,G801.1,GGCGCGATTATTGCTAATTGAAAACTTTTCCCAATACCCCG,308,120729631,0.8340474606761012,9,222,1730
chr12,-,127650528,127650549,G808.1,TCGTAGACGACTTGCTTCTGGG,3705,127650540,0.9264782598324891,6,2545,15612
chr12,-,127650628,127650650,G808.2,GGAGTGCCCTTTGTCCTGGGAAA,1670,127650639,0.8462193029830681,6,1544,7759
chr12,-,127650916,127650941,G809.1,ACTGAACGCCTCTTAAGTCAGAATCC,37204,127650931,0.9793986498329301,6,9046,46538
chr13,+,27829243,27829272,G811.1,GAAAAACACATTTCACCGGCTCTGAAAGCT,491,27829252,0.6283687070948216,5,244,2416
chr13,-,46948642,46948674,G856.1,GTTAATATCTGATATGTCCTCTATCCGAGGACA,1253,46948661,0.8329751042167304,7,1650,6346
chr14,+,35016050,35016083,G881.1,TGGTAGTGGGGGACTGCGTTCGCGCTTTCCCCTG,467,35016064,0.8512634304536095,7,300,3743
chr14,+,50053495,50053547,G885.1,GAAACGGAGCAGGTCAAAACTCCCGTGCTGATCAGTAGTGGGATCGCGCCTGT,138,50053535,0.8440959443598289,5,23,879
chr14,+,64989533,64989554,G896.1,TCATTACTTAGCCAAACACATT,8160,64989545,0.7014420768881489,6,169,56878
chr14,+,64989564,64989590,G896.2,TGTGCATGTGGTAAATGTGGACAAATA,8097,64989575,0.7771253331158989,5,231,64407
chr14,-,20811497,20811527,G933.1,CGTCCTGTCACTCCACTCCCATGTCCCTTGG,359,20811512,0.7677694836966472,6,106,2171
chr14,-,50329307,50329337,G943.1,AGTAGTGGGATCGCGCCTGTGAATAGCCACT,211,50329331,0.8814861109446576,6,58,708
chr14,-,50329426,50329458,G943.2,TCCGCACTAAGTTCGGCATCAATATGGTGACCT,118,50329447,0.8023715437987802,5,60,880
chr15,-,66794360,66794390,G1023.1,GAAACACATGATATTTGTGGAAATTCTGACT,1626,66794380,0.7061161924691273,8,864,14315
chr15,-,66794398,66794415,G1023.2,TTCCACTTAATTGGTCCG,1222,66794406,0.5717467365931596,7,360,7785
chr15,-,66795225,66795247,G1025.1,GCAATGATGTCGTAATTTGCGTC,109,66795237,0.7001286681577915,5,69,798
chr15,-,66795593,66795614,G1026.1,TGAACCACATGATTTTCTCGGA,516,66795604,0.7731288159557006,5,375,2946
chr16,+,33962857,33962876,G1071.1,TATCAACTTTCGATGGTAGT,134,33962876,0.7477469517271347,5,43,778
chr16,+,33963094,33963118,G1072.1,TGGAGGGCAAGTTTAGTGCCAGCAG,8295,33963104,0.8769541155829317,5,2326,10971
chr16,+,33963122,33963148,G1072.2,CGGTAATTCCAGCTCCAATAGCGTATA,12919,33963139,0.7821729124538587,7,4400,54867
chr16,+,33963238,33963260,G1072.3,CCTTGCCTCTTGGCGCCCCCTCG,8377,33963251,0.9376810392292803,6,7340,36685
chr16,+,70563417,70563440,G1091.1,TGAAGTGATGATTCACATTCATGT,547,70563428,0.8953626503634542,5,410,4091
chr16,+,71977952,71977979,G1093.1,CTTGAAGAGTTTCTTCTTTTTCAAGGTT,3568,71977964,0.7333922481287231,9,111,46616
chr16,+,71978002,71978034,G1093.2,TATTTATAGCTGGGGCTACATAGACGGGGTTGT,3021,71978034,0.6553805805897434,6,58,33066
chr16,+,89627841,89627868,G1096.1,GTGATGACATTCTCCGGAATCGCTGTAC,113,89627859,0.7792811268620711,5,77,814
chr16,-,686763,686796,G1097.1,TGTAGTGGTATCATGCAAGATTCCCATTCTTGCG,383,686772,0.647887133874583,7,150,3459
chr16,-,2205032,2205065,G1099.1,AAACTGCACGTGCAGTCTGATTATTTAGCAAGAC,163,2205056,0.8484594535611784,5,104,759
chr16,-,31089436,31089457,G1112.1,ATTTTCCTTTTCCCCTGCCCCA,774,31089445,0.7777148961054444,7,148,5929
chr17,+,2280202,2280228,G1150.1,TCTGTCCCCTGCGTCTCCTGCCCTGCC,144,2280228,0.94462347284637,5,52,987
chr17,+,16343396,16343420,G1164.1,TGACGAAGACTACTCCTGTCTGATT,582,16343403,0.6877869064307685,5,232,3948
chr17,+,16344590,16344608,G1165.1,GGTGAACCTATGGTTTTCT,709,16344599,0.6952080131734211,8,442,4816
chr17,+,16665721,16665754,G1167.1,TGGAATCTGAAATCTCCAGAATAAAAACTTCGCA,448,16665733,0.6399964166191875,6,7,3392
chr17,+,18965383,18965426,G1170.1,GATGATCGTTCTTCTCTCCGTATTGGGGAGTGAGAGGGAGAGAA,2740,18965391,0.6460621907401742,10,354,26461
chr17,+,19091381,19091464,G1171.1,CTGAACGTGTAGAGCACCGAAAACCACGAGGAAGAGAGGTAGCGTTTTCTCCTGAGCGTGAAGCCGGCTTTCTGGCGTTGCTTG,3345,19091381,0.9629498231992367,16,2575,25277
chr17,+,27047584,27047623,G1178.1,AGTTTTAATCTCCTGACACTTGTGATGTCTTCAAAGGAAC,884,27047610,0.667864051105667,10,712,10241
chr17,+,27049636,27049663,G1179.1,GAACAAAGTGATTGGTACCTCGTTGTCT,341,27049646,0.7998715492479546,5,320,2573
chr17,+,74554878,74554911,G1214.1,CTGAGGATGATTTAAAGTTATCCCTGTCTGAAAT,191,74554902,0.6693603631371069,7,111,2117
chr17,-,2233636,2233656,G1227.1,TCAATGATGGTTTTATTCATA,108,2233646,0.7572067922386483,6,82,965
chr17,-,18967260,18967292,G1239.1,TGATGATCGTTCTTCTCTCCGTATTGGGGAGTG,1160,18967283,0.6917137346976359,8,143,13361
chr17,-,19015758,19015790,G1240.1,ATGATCGTTCTTCTCTCCGTATTGGGGAGTGAG,411,19015767,0.8420540933754135,9,189,3788
chr17,-,19093386,19093399,G1241.1,ATGATCGTTCTTCT,682,19093392,0.518029637021286,5,87,4560
chr17,-,19093453,19093487,G1241.2,AAAACCACGAGGAAGAGAGGTAGCGTTTTCTCCTG,176,19093483,0.9796301184870263,5,119,921
chr17,-,33478177,33478210,G1246.1,ACTAACCAGGATTCCCTCAGTAATGGCGAGTGAA,259783,33478188,0.953659713338959,7,19182,307776
chr17,-,75158324,75158348,G1277.1,ACTGAACGCCTTTAAGTCAGAATCC,25574,75158338,0.9379734553626125,6,6836,48240
chr17,-,80553726,80553755,G1289.1,AGAAGCACCTGCTGGTCTGTCTGGATGGGG,47125,80553741,0.6127593365804779,7,633,323713
chr17,-,80553772,80553810,G1289.2,TGTCGTTTCTCATCCCAGGTTCCGGGCTGCCGGAAAAGG,50172,80553781,0.6328634384624213,10,909,494047
chr18,+,77772979,77773000,G1319.1,ACCTGCTTCTGGGTCGGGGTTT,958,77772991,0.775533510055932,6,43,4086
chr18,-,47015641,47015671,G1327.1,GATGACTATCTTAGGACACCTTTGGAATAAC,712,47015651,0.6457418632101571,6,264,5497
chr18,-,47017654,47017679,G1328.1,CGTGAAAATTAATAAATTCTGAGCAG,4009,47017664,0.636777367878597,6,1671,26035
chr18,-,47017682,47017708,G1328.2,TGACTTTCTTAGGACACCTTTGGATTT,4056,47017692,0.6480211716196641,12,2014,43694
chr18,-,47018063,47018098,G1329.1,TGCGATGATGGCATTTCTTAGGACACCTTTGGATTA,2319,47018074,0.7020916401278147,11,1724,25773
chr19,+,10220465,10220486,G1347.1,GACGCTGTGATTGCTCTGTCCA,275,10220475,0.8204390804701234,7,205,1275
chr19,+,36066515,36066545,G1369.1,GACCCCAGAAAAGGTGTTGGTTGATATAGAC,28770,36066522,0.6890154453150442,7,1489,185541
chr19,+,36066689,36066742,G1370.1,CCTTAGAGGTCTTGGGGCCGAAACGATCTCAACCTATTCTCAAACTTTAAATGG,650837,36066702,0.9646081257665552,13,3622,6418986
chr19,+,49993926,49993949,G1387.1,TGACTCCACATGCACTACCATCTG,336,49993937,0.9110942409606497,5,68,803
chr19,+,49994167,49994200,G1388.1,CCATGATGTTCCGCAACTACCTACATTGTTTGAT,4531,49994178,0.6949734751831045,11,3493,49982
chr19,+,49994455,49994488,G1389.1,GATGGTCTGCGGATGTCCCTGTGGGAATGGCGAC,344,49994477,0.874378791340236,5,296,1381
chr19,+,50000981,50000996,G1390.1,GATGATGTTTGTTTTC,207,50000989,0.5615828499313662,8,120,1739
chr19,-,24184102,24184123,G1436.1,ATATTCAAATGAGAACTTTGAA,36825,24184112,0.9763564558629629,6,35026,127197
chr19,-,24184574,24184597,G1438.1,TGATCTCAACCAATTCTCAAACTT,3507,24184597,0.9276061444320902,6,70,19742
chr19,-,24184683,24184698,G1440.1,TTCCCTCTGAAGTTTT,364,24184690,0.6698080030062832,6,163,1051
chr19,-,51305644,51305672,G1461.1,CTCCCATGATGTCCAGCACTGGGCTCTGA,586,51305655,0.7282579375922948,6,500,3592
chr2,+,78928756,78928790,G1505.1,TGAGCTTGACTCTAGTCTGGCACGGTGAAGAGACG,8195,78928775,0.7785815867836742,5,300,30987
chr2,+,86362996,86363019,G1509.1,GCTGTGATGATTGGCGCAGGGGTA,390,86363008,0.8611379726257045,5,391,1943
chr2,+,122288542,122288563,G1520.1,CAACTAGAGCTTTTGCTTTATT,1273,122288551,0.7740818429982084,10,604,11341
chr2,+,135894309,135894326,G1523.1,ATATAAGAAGGGATATTA,606,135894319,0.9022776032216042,5,420,2439
chr2,+,203142839,203142867,G1544.1,TGTCAATGATGCATTCTTATTGGAACTGA,529,203142850,0.8151408572980055,8,545,5259
chr2,+,203156107,203156131,G1545.1,ATGAGGGTGTTCAGTCACTACCTCA,244,203156116,0.6912621458626638,5,78,1296
chr2,+,228563746,228563786,G1560.1,CACAGCCTGGTGCTTCACCTTCGTGAGTTTCCTCTAATACT,198,228563766,0.8859512853878345,5,18,2620
chr2,-,20114724,20114758,G1575.1,TCAACCGTCATCTACATTAGGTATTTCTCCTAATG,72,20114748,0.7696961934801714,5,70,857
chr2,-,133011937,133011970,G1616.1,AGTAAAAGTCGTAACAAAGTTTCGGTAGGTGAAC,4215,133011948,0.9147459622350815,6,242,11303
chr2,-,133012299,133012320,G1619.1,GTTCAGCCACCTGAGATTGAGC,2799,133012311,0.9764663409333869,5,2521,9555
chr2,-,133012606,133012625,G1620.1,TTTTTGGGTTCCGAGGGGAG,372,133012625,0.9026869536087556,6,356,1618
chr2,-,133012644,133012699,G1621.1,ACGATGCCAACTGGCGATGTGGCGGTGTTATTCCCATGACCCGCTGGGCAGCTTCC,1993,133012655,0.9923184059944932,8,4054,9285
chr2,-,133012806,133012835,G1622.1,TGCACCGCTAGAGGTGAAATTCTTGGACTG,10533,133012806,0.9886437765048257,5,197,23068
chr2,-,133013135,133013156,G1623.1,TGCCAGCAGCCGTGGTAATTCC,8338,133013148,0.9590592394334924,5,8503,31889
chr2,-,133038395,133038410,G1634.1,TTCTCTTTTTCTTTGT,183,133038404,0.608509805689753,10,86,1871
chr2,-,133038676,133038696,G1636.1,AATTTTCAAATGAGAACTTTG,14169,133038686,0.9664383973811936,6,9172,73278
chr2,-,133038903,133038934,G1638.1,CTGGAGCGTTGGGCCCATACCCGGCCGTTGAC,6313,133038903,0.7807846265899456,6,8473,21046
chr2,-,232325099,232325116,G1667.1,GAAACCTGATGTTACATT,1456,232325108,0.635058494898659,6,559,7542
chr20,+,2634876,2634896,G1682.1,AATCAAATCTGTCAATCCCCT,458,2634884,0.5968547236055209,5,152,2379
chr20,+,2634902,2634922,G1682.2,CAATCACTGATGTCTCCATGT,469,2634912,0.7759748477526545,5,296,2844
chr20,+,2637269,2637289,G1684.1,TCCACAATGATGGCAATATTT,708,2637279,0.8467653454482644,6,397,3836
chr20,+,47895486,47895514,G1707.1,AATGATGACTTCACTTTTTTCCCCATCAG,187,47895502,0.7178722948852261,6,147,1818
chr20,+,47896894,47896916,G1708.1,ATCGACTATGTTGATCTAACTTT,817,47896906,0.8572259186699458,5,666,6268
chr20,+,47897245,47897278,G1709.1,CTTTCCCCATCAGATCGACCCTGTTGATCTCTAC,294,47897254,0.8418094293156074,6,287,1954
chr20,-,17943542,17943587,G1731.1,GAAATGATGATTCAGTTTATCCATTCGCTGAGTGCGCTGCACTGAC,274,17943578,0.7306187588906179,6,283,3141
chr21,+,9827005,9827027,G1765.1,TACCTGGTTGATCCTGCCAGTAG,5919,9827016,0.8795895868616518,7,2680,22850
chr21,+,9827031,9827056,G1765.2,ATGCTTGTCTCAAAGATTAAGCCATG,8831,9827042,0.7722234488720987,8,2527,47632
chr21,+,9827058,9827081,G1765.3,ATGTCTAAGTACGCACGGCCGGTA,6994,9827071,0.9163978529455036,5,1926,24223
chr21,+,9827303,9827342,G1765.4,ATAACCTCGGGCTGATCGCACGCCCCCCGTGGCGGCGACG,14890,9827314,0.9777073210498164,5,14121,44200
chr21,+,9827358,9827382,G1765.5,TGCCCTATCAACTTTCGATGGTAGT,6218,9827371,0.7258504573954252,8,1272,24271
chr21,+,9827519,9827557,G1765.6,GACGAAAAATAACAATACAGGACTCTTTCGAGGCCCTGT,9724,9827546,0.8316216531034067,8,2212,22293
chr21,-,15457356,15457379,G1780.1,TATGTCCTTGGCTGAGGAGCCAAT,2809,15457369,0.7331912509072617,5,92,8772
chr21,-,15457381,15457395,G1780.2,GTTCAGACATTTGGT,2946,15457388,0.5468095925886817,5,156,17433
chr3,+,52724780,52724817,G1860.1,GTGTACAAAATCTTGATTTAAGTGAATGAAAAATTACA,145,52724807,0.888797377858092,5,104,1369
chr3,+,186502588,186502611,G1916.1,TGAAATGATGGCAATCATCTTTCG,2471,186502600,0.7530637277779623,7,1252,17729
chr3,+,186504583,186504613,G1917.1,GGGGTGGACCTCTTTCTTAATGTCCAATGTC,275,186504604,0.7793428061472848,6,178,2402
chr3,-,63601046,63601081,G1945.1,TGCTGACTGTACCCACTGCTTGATCCATAGCTGTCT,3167,63601069,0.776600361180717,5,95,37815
chr3,-,63601085,63601116,G1945.2,GGCCAAACTCATCTGAGGTTGGCCCCAAACTC,3195,63601096,0.660109638417594,6,38,19068
chr4,+,7584318,7584348,G2000.1,CCCTCGCTGCAATCTATTGAAAGTCAGCCCT,888,7584341,0.5783809447625469,6,71,6922
chr4,+,76807184,76807212,G2018.1,TTATGAGACAGGTTAGTTTTACCCTACTG,43337,76807184,0.8972419126236234,10,8462,335583
chr4,-,83817045,83817079,G2071.1,GTCCAATGATTAAATTTTTTCCACTGCTGTTCACA,81,83817055,0.853966119442855,5,39,937
chr5,+,71146869,71146893,G2133.1,AGCGTCGCGGTTCTGGCGGCATCCG,13378,71146884,0.9144456872910602,5,12628,35617
chr5,+,138614640,138614668,G2157.1,AGTTGATCCTAGTCTGGGTGCAAACAATT,100,138614661,0.8373288174800038,6,57,746
chr5,+,140174886,140174921,G2161.1,CCGCTGCAGGTTTTCCATGTGGAAGTGGAGGTGAAG,4712,140174895,0.6571431308795038,6,56,41703
chr5,-,64587209,64587248,G2215.1,CTTTATCCAGCTGTGGCCCCAGGTCAGGTGTATGATGCTG,1095,64587237,0.9134894946631242,7,66,12550
chr5,-,135416231,135416254,G2252.1,ATGCCGGACTTTCTATCTGTCCAT,120,135416240,0.6113683084093522,6,71,928
chr5,-,137896762,137896796,G2254.1,CAATGATGTATTTTATTCAACACATCATTCTGAAA,2775,137896788,0.5612542264420669,11,2403,33599
chr6,+,28949988,28950002,G2308.1,TAGTGGTTAGGATTC,5773,28949995,0.5638279770350753,5,1042,33127
chr6,+,31804855,31804882,G2320.1,GAATGATGATTTCACAGACTAGAGTCTC,816,31804864,0.6854229859738135,7,747,5763
chr6,+,52860654,52860677,G2334.1,CAAGGTCCATTTGTAGGAGAACGT,247,52860664,0.776546305837093,5,145,853
chr6,+,52860734,52860749,G2334.2,AGTCTGCCTTTCTTTT,2932,52860743,0.6966972803958632,7,1953,17076
chr6,+,133136487,133136507,G2358.1,TTTTATGAGTGAAACATAAGA,395,133136498,0.8777804226118866,6,251,2476
chr6,+,133138395,133138431,G2360.1,TGCAGACATACTTTAAAAACTGGCAATAGTAAAGCCA,671,133138420,0.7991329192325948,5,435,4061
chr6,-,30887413,30887448,G2401.1,AGGTAGAAAGTGGAAGGTAGCAAGCTAGAGCAAGGT,13696,30887438,0.7680250941041076,5,96,68231
chr6,-,30887476,30887499,G2401.2,TGTGAGGGTTGGAAGGGTCTGGGC,14784,30887490,0.6264858192652524,6,103,88006
chr6,-,31504205,31504226,G2402.1,GCCAAATGATGTTTATTTGAAA,279,31504216,0.738337600854921,5,132,1780
chr6,-,31508934,31508953,G2404.1,CATATGATGTTTTCTTTTCG,1547,31508944,0.6953881771432137,8,891,15955
chr6,-,86387064,86387084,G2420.1,TCTGTGATGATCTTATCCCGA,444,86387075,0.8127575453547492,6,335,3209
chr6,-,126101438,126101452,G2432.1,TAGTGGTTAGGATTC,3252,126101445,0.5741967224223363,5,302,19037
chr7,+,80962931,80962966,G2502.1,TAATTGGAATGAGTCCACTTTAAATCCTTTAAAGAG,1265,80962939,0.7449318538143656,9,162,11827
chr7,+,80963025,80963044,G2502.2,TATATTAAAGTTGCTGCAGT,254,80963031,0.7925902637679778,5,48,1723
chr7,+,148680852,148680904,G2538.1,GTCCGAGTGCAGTGGTGTTTACAACTAATTGATCACAACCAGTTACAGATTTC,176,148680876,0.7076875270704968,8,91,2263
chr8,-,70602329,70602351,G2679.1,TAGTCTGGCATGGTGAAGAGACA,49160,70602341,0.9449795197438404,5,47451,188398
chr8,-,70602566,70602590,G2680.1,TGTGATTTCTGCCCAGTGCTCTGAA,3996,70602576,0.6937849566835739,9,648,31525
chr8,-,99054314,99054342,G2692.1,GTCTGGTTTTATAAATGCTGGTGATAAAC,393,99054314,0.9181639126940154,5,679,3610
chr9,+,79186680,79186744,G2746.1,CTCGGATAGCCGGTCCCCCGCCTGTCCCCGCCGGCGGGCCGCCCCGCCGTGCGCCGGGACCGGGG,27669,79186725,0.9998995853746685,6,1133,106606
chr9,+,79186866,79186888,G2746.2,TGCTTCTGGGTCGGGGTTTCCTA,3828,79186888,0.8779565191624062,8,195,14766
chr9,+,134361056,134361090,G2776.1,AGTGATGTAATTCCAATAGATCCTTCTGACCCTCC,159,134361079,0.7275528085623223,7,169,1460
chr9,+,134365873,134365909,G2777.1,TCTCAGTGATGTAATTCCAATAGATCCTTCTGACCCT,201,134365882,0.6960737070403381,7,195,2118
chr9,+,136216252,136216280,G2781.1,GCAGATGATGTAAAAGAATATTTGCTATC,130,136216260,0.6221875653836612,6,104,1066
chr9,+,136217701,136217722,G2783.1,TTGCCAATGATGGTTAAGAATT,2124,136217711,0.8731105527202072,6,1688,12388
chr9,-,33934348,33934364,G2796.1,CAATGATGTTTTATTTC,149,33934356,0.5542783758897871,5,89,1252
chr9,-,35657861,35657920,G2798.1,GTGCCACGTGCATACGCACGTAGACATTCCCCGCTTCCCACTCCAAAGTCCGCCAAGAAG,682,35657901,0.7886216279291796,6,77,2569
chr9,-,35657930,35657983,G2798.2,ACACTGAGGACTCTGTTCCTCCCCTTTCCGCCTAGGGGAAAGTCCCCGGACCTC,366,35657941,0.849004295092174,10,70,1832
chrM,+,1008,1058,G2825.1,TGACACAAAATAGACTACGAAAGTGGCTTTAACATATCTGAACACACAATA,278,1017,0.8090494568173757,7,87,1266
chrM,+,1096,1131,G2825.2,TTAGCCCTAAACCTCAACAGTTAAATCAACAAAACT,375,1108,0.673142597090752,6,118,2065
chrM,+,1168,1201,G2825.3,AAAGGACCTGGCGGTGCTTCATATCCCTCTAGAG,107,1194,0.6543620854764708,5,50,740
chrM,+,1232,1283,G2825.4,CAACCTCACCACCTCTTGCTCAGCCTATATACCGCCATCTTCAGCAAACCCT,244,1247,0.6833010689523693,7,117,1745
chrM,+,1351,1388,G2825.5,TGGCAAGAAATGGGCTACATTTTCTACCCCAGAAAACT,235,1380,0.7632800213507466,6,77,1645
chrM,+,1515,1545,G2825.6,AAGGACATTTAACTAAAACCCCTACGCATTT,447,1536,0.6054918564025972,6,103,2324
chrM,+,1694,1730,G2825.7,ACTCCACCTTACTACCAGACAACCTTAGCCAAACCAT,450,1711,0.8207785335691646,5,209,1906
chrM,+,1798,1873,G2825.8,AGATGAAAAATTATAACCAAGCATAATATAGCAAGGACTAACCCCTATACCTTCTGCATAATGAATTAACTAGAAA,533,1808,0.8419404469065039,11,295,2628
chrM,+,2289,2322,G2825.9,TAGAAGAACTAATGTTAGTATAAGTAACATGAAA,897,2296,0.7139706460159652,8,252,4035
chrM,+,2865,2960,G2825.10,TTCACCAGTCAAAGCGAACTACTATACTCAATTGATCCAATAACTTGACCAACGGAACAAGTTACCCTAGGGATAACAGCGCAATCCTATTCTAGA,1238,2931,0.7904735986959266,17,775,9265
chrM,+,2971,3011,G2825.11,ACAATAGGGTTTACGACCTCGATGTTGGATCAGGACATCCC,368,3002,0.8578305934636127,7,250,2506
chrM,+,3043,3076,G2825.12,TTCAACGATTAAAGTCCTACGTGATCTGAGTTCA,306,3053,0.7433826607973815,7,107,1699
chrM,+,3155,3196,G2825.13,TCACAAAGCGCCTTCCCCCGTAAATGATATCATCTCAACTTA,437,3164,0.8649423536798663,8,207,1858
chrM,+,3989,4036,G2826.1,TACACAAACATTATTATAATAAACACCCTCACCACTACAATCTTCCTA,105,4001,0.7848123707163756,6,78,1062
chrM,+,6479,6502,G2833.1,CAGTCCTACTTCTCCTATCTCTCC,114,6484,0.8182216633234666,6,75,863
chrM,+,7904,7949,G2838.1,AACCTACGAGTACACCGACTACGGCGGACTAATCTTCAACTCCTAC,142,7940,0.7931636520406486,5,78,1077
chrM,+,10489,10519,G2847.1,AATATTATACTAGCATTTACCATCTCACTTC,166,10500,0.8553591314948806,7,102,1319
chrM,+,11067,11086,G2849.1,CAAATCTCCTTAATTATAAC,452,11077,0.6646871392488019,6,153,2575
chrM,+,11781,11826,G2853.1,ATCATAATCCTCTCTCAAGGACTTCAAACTCTACTCCCACTAATAG,170,11817,0.7140774054884339,8,89,1977
chrM,+,12328,12382,G2857.1,AATAAAAGTAATAACCATGCACACTACTATAACCACCCTAACCCTGACTTCCCTA,401,12376,0.8736483946723502,8,208,2083
chrX,+,2692653,2692685,G2883.1,TTGTCACTCCCTTTTCACCTTTCATCAGGGCGT,450,2692663,0.8128859639430943,6,39,4016
chrX,+,108297364,108297407,G2920.1,GCGGGTGTTGATGCGATGTGATTTCTGCCCAGTGCTCTGAATGT,2070,108297375,0.9753159599315432,13,2037,22728
chrX,+,108297459,108297480,G2920.2,CTCTCTTAAGGTAGCCAAATGC,15753,108297471,0.7435990235830948,6,1707,71985
chrX,-,135961406,135961432,G2974.1,AAGCTATGATGAATTTGATTGCATTGA,444,135961432,0.6876268996910309,8,238,3978
chrY,+,2642653,2642687,G2984.1,TTGTCACTCCCTTTTCACCTTTCATCAGGGCGTTC,396,2642664,0.8109057393508529,7,27,3582
chrY,+,3005108,3005125,G2985.1,TGTATGTGCTTGGCTGAG,637,3005119,0.7302272501684617,6,262,4181
chrY,+,10036096,10036116,G2989.1,TTGACTCAATATGGGAAACCT,1782,10036107,0.9665133016546239,5,1102,2444
chrY,+,10036535,10036569,G2992.1,TTGTACACACTGCCAGTCGCTACTACTGATTGGAT,1323,10036544,0.9517440729099258,7,1526,6691
chrY,+,10037757,10037779,G2994.1,CTTGTATGACTTTTAGCGGTGGA,9220,10037760,0.9255341447256882,7,9774,34002
chrY,+,10037787,10037828,G2994.2,GCTCCTGCGTTGATGAAGAATGCAGCTAGCTGTGAGAATTAA,28866,10037807,0.9809671475077235,11,14576,78134
