,Chromosome,Strand,ClusterStart,ClusterEnd,ClusterID,ClusterSequence,ReadCount,ModeLocation,ModeScore,ConversionLocationCount,ConversionEventCount,NonConversionEventCount,FilterType,transcripts
0,chr1,+,11968308,11968329,G8.1,CTTGCGTTTCTTAGCAGGGCTT,172,11968320,0.7527487366827557,5,48,913,snRNA repeat,[]
1,chr1,+,17199078,17199104,G13.1,TCCCTGGTGGTCTAGTGGCTAGGATTC,104,17199083,0.8155805087308868,6,30,641,tRNA repeat,"['uc021ohf.2', 'uc009voy.1']"
2,chr1,+,45244068,45244090,G31.1,TGATGAAAACTTTGTCCAGTTCT,96,45244077,0.6671265184623999,7,24,825,,"['uc001cml.3', 'uc001cmi.3']"
3,chr1,+,76252803,76252826,G38.1,ACTACTTTAGCTCTAGAATTACTC,212,76252816,0.8599097958588784,5,100,1108,,"['uc001dgz.2', 'uc009wbt.2', 'uc001dgy.2']"
4,chr1,+,76253580,76253606,G39.1,TGATGTGTTGGCATGTATTATCTGAAT,203,76253597,0.7325194212832132,5,112,1814,,"['uc009wbu.1', 'uc009wbt.2', 'uc001dgy.2']"
5,chr1,+,76253614,76253645,G39.2,TGATGTGTAATAACACTTTAGCTCTAGAATTA,244,76253636,0.7117501582182505,8,83,1535,,"['uc009wbu.1', 'uc009wbt.2', 'uc001dgy.2']"
6,chr1,+,76255171,76255194,G40.1,TGTAATGGCATGTATTAGCTGAAT,254,76255185,0.7183491958530178,5,115,1900,,"['uc009wbv.1', 'uc009wbt.2', 'uc001dgy.2']"
7,chr1,+,145277418,145277440,G51.1,CGAAAGACTAATTGAACCATCTA,31367,145277431,0.9024305357614808,5,30461,117709,rRNA repeat,"['uc001emm.4', 'uc001emn.4', 'uc031pob.1', 'uc001emo.2', 'uc010oyh.1', 'uc021ouk.1', 'uc021ots.1', 'uc010oye.3', 'uc031pnx.1', 'uc021ott.2']"
8,chr1,+,230251250,230251277,G94.1,ATCTTAATTTTAAAATATTTTATTACTG,62,230251262,0.5894262552372118,7,71,859,,"['uc010pvz.1', 'uc010pvy.1', 'uc010pwa.1']"
9,chr1,+,237766411,237766446,G101.1,ACTATGACTCTCTTAAGGTAGCCAAATGCCTAGTCA,1005,237766430,0.8375657386737229,9,173,6403,rRNA repeat,['uc001hyl.1']
10,chr1,+,237766550,237766576,G101.2,GGAAAGAAGACCCTGTTGAGCTTGACT,5195,237766566,0.7221186014957335,6,575,28622,rRNA repeat,['uc001hyl.1']
11,chr1,+,249168458,249168478,G104.1,CTAGTGGTTAGGATTCGGCGC,466,249168467,0.664130270141645,5,77,2625,tRNA repeat,['uc021pmg.1']
12,chr1,-,35646042,35646065,G132.1,TACATGTTGGGAATCATTCCCAAT,53,35646054,0.6785250798507728,5,39,385,,"['uc001byq.3', 'uc001byp.3']"
13,chr1,-,35650245,35650264,G133.1,TCTAAAATATTTACTTAACA,51,35650255,0.6915763019319591,7,46,362,,['uc001bys.3']
14,chr1,-,36077954,36077974,G135.1,ATTATTTTTTCTCATTATATT,59,36077963,0.7662234752499022,5,61,765,,"['uc021olh.1', 'uc010ohz.2', 'uc001bzd.2', 'uc001bzf.2']"
15,chr1,-,45196760,45196798,G140.1,CTAAAGATTTCCGTGGAGAGAAACCGTTTTGAGTTTCAA,230,45196772,0.7818722137980129,7,228,1358,snRNA repeat,[]
16,chr1,-,45285619,45285639,G141.1,TCTTTCGCCTTTTACTAAAGA,141,45285630,0.7844712027754005,5,115,1107,snRNA repeat,['uc021omv.1']
17,chr1,-,86076035,86076062,G163.1,TATTTTACTCAATAAAATTATTCATTAG,76,86076035,0.7956222722866626,5,131,851,,[]
18,chr1,-,91852822,91852867,G168.1,CTTCGATGTCGGCTCTTCCTATCATTGTGAAGCAGAATTCACCAAG,14058,91852836,0.7434377075224778,14,1607,99056,,"['uc001doc.1', 'uc001doa.4', 'uc010osu.2', 'uc010osv.1']"
19,chr1,-,91852942,91853064,G168.2,GAGGACAGAAACCTCCCGTGGAGCAGAAGGGCAAAAGCTCGCTTGATCTTGATTTTCAGTACGAATACAGACCGTGAAAGCGGGGCCTCACGATCCTTCTGACCTTTTGGGTTTTAAGCAGGA,40999,91852972,0.7326924327968942,28,3671,190177,,"['uc001doc.1', 'uc001doa.4', 'uc010osu.2', 'uc010osv.1']"
20,chr1,-,91853067,91853102,G168.3,GTCAAACGGTAACGCAGGTGTCCTAAGGCGAGCTCA,15217,91853087,0.770708119509,6,1515,51272,,"['uc001doc.1', 'uc001doa.4', 'uc010osu.2', 'uc010osv.1']"
21,chr1,-,108113087,108113108,G169.1,TCGCGCCCGGCTGTACCCATAT,7528,108113100,0.9362625689712919,5,6330,20418,,[]
22,chr1,-,108113449,108113471,G171.1,GGTTCCATGTGAACAGCAGTTGG,638,108113459,0.7941512992799091,5,169,2826,,[]
23,chr1,-,108113541,108113586,G171.2,CGCTGCGGTGAGTCTTGAAGCCCAGGGCTGGGCCCGGGCAGAGCCG,2600,108113575,0.9298779144781868,5,668,2634,,[]
24,chr1,-,120543935,120543957,G175.1,CGAAAGACTAATTGAACCATCTA,12243,120543944,0.897068354201912,5,12671,47495,,"['uc021osy.1', 'uc001eik.3', 'uc001eil.3', 'uc001eim.4']"
25,chr1,-,173833315,173833352,G194.1,ATGATGATCTCAATCCAACTTGAACTCTCTCACTGATT,744,173833327,0.8208869424603626,11,479,4991,,"['uc009wwi.1', 'uc001gjj.3', 'uc001gjk.3']"
26,chr1,-,173833553,173833575,G195.1,ATGTAATGATTCTGCCAAATGAA,2018,173833563,0.7685058590123494,7,869,12718,,"['uc001gjl.2', 'uc001gjj.3', 'uc001gjk.3']"
27,chr1,-,173834011,173834038,G196.1,ATGATGATAACATAGTTCAGCAGACTAA,631,173834021,0.8026985180695029,6,343,3179,,"['uc009wwj.1', 'uc001gjj.3', 'uc001gjk.3']"
28,chr1,-,173834488,173834523,G197.1,AGAAAGAAAATGGAGATTAATCTTAAACTGAAACAG,425,173834488,0.6720493148964791,7,128,2007,,"['uc009wwk.1', 'uc001gjj.3', 'uc001gjk.3']"
29,chr1,-,173834529,173834562,G197.2,GTGATGATTTTAAAATTAAAGCAGATGGGAATCT,376,173834540,0.6939492429187776,7,245,3240,,"['uc009wwk.1', 'uc001gjj.3', 'uc001gjk.3']"
30,chr1,-,173835144,173835166,G199.1,CCTGGATGATGATAAGCAAATGC,839,173835152,0.7685884898861558,5,288,3905,,"['uc001gjn.1', 'uc001gjj.3', 'uc001gjk.3']"
31,chr1,-,173835475,173835500,G200.1,TGATGGTTGCATAGTTCAGCAGATTT,274,173835484,0.8252411267327314,6,197,1859,,"['uc009wwm.1', 'uc001gjj.3', 'uc001gjk.3']"
32,chr1,-,173835777,173835806,G201.1,TGAGGATCTTAACCACCATTATCTTAACTG,784,173835791,0.6068414864238376,9,321,7444,,"['uc009wwn.1', 'uc001gjj.3', 'uc001gjk.3']"
33,chr1,-,173835815,173835844,G201.2,GATGACAGTTTATTTGCTACTCTTGAGTGC,780,173835831,0.6638859907126053,8,86,1345,,"['uc009wwn.1', 'uc001gjj.3', 'uc001gjk.3']"
34,chr10,+,70514944,70514963,G248.1,TAAATCCTATTCCATTGCTG,324,70514953,0.7750116746553442,6,242,2043,,"['uc001jol.1', 'uc001jom.1', 'uc009xpx.1', 'uc001jon.1', 'uc010qiz.1', 'uc001joo.3', 'uc010qja.1', 'uc010qjb.2', 'uc001jop.1']"
35,chr10,-,1539905,1539920,G286.1,ACATTTATATATAATT,78,1539918,0.7692062814963286,5,42,582,,['uc009xhq.3']
36,chr10,-,1660521,1660545,G288.1,CTATACATACTTTTACAATATCCAC,60,1660542,0.6455569119770718,7,48,487,,['uc009xhq.3']
37,chr10,-,1682938,1682966,G290.1,ATATACAAAACAAACAAAATACTTCATAG,72,1682957,0.6815688911424462,5,69,357,,['uc009xhq.3']
38,chr10,-,1684600,1684613,G291.1,TTTACTAATACTTA,52,1684611,0.5993667392586559,5,40,324,,['uc009xhq.3']
39,chr10,-,1684757,1684780,G292.1,TTTTATTTTATATAAATTATACCA,80,1684766,0.6053421116569165,9,69,971,,['uc009xhq.3']
40,chr10,-,1724953,1724971,G294.1,AATTTAAATTTCTTACAGT,81,1724963,0.6786304437016715,5,79,637,,['uc009xhq.3']
41,chr10,-,1729750,1729779,G295.1,CATAACTTTAATCTCTTATAAAATCAATCA,55,1729764,0.6055356176488919,5,67,538,,['uc009xhq.3']
42,chr10,-,1731129,1731149,G296.1,ATTTTCCAATATATATAATTG,55,1731140,0.5650821685941186,7,43,507,,['uc009xhq.3']
43,chr10,-,1775927,1775943,G305.1,ATTATGTGGTTATATAG,57,1775932,0.6664942191397203,6,50,393,,['uc009xhq.3']
44,chr10,-,1776598,1776616,G306.1,ACACAATACTTTCATTAAG,96,1776614,0.8209409097467452,5,80,496,,['uc009xhq.3']
45,chr11,+,12704811,12704832,G357.1,CCTGCTGCATCTTATCGGCAGT,54,12704821,0.6965865755693197,5,54,324,DNA repeat,['uc021qdx.1']
46,chr11,+,65190976,65191013,G376.1,TGGAGTTAAGGCGCCATCCTCACCGGTGACTGGTGCGG,113,65191001,0.7545651632802344,7,58,447,,['uc010rog.2']
47,chr11,+,65192090,65192123,G379.1,TCAAATTAAGGGTGTCATTGTGTTGTGCTAAACG,98,65192096,0.5615325699650034,7,72,785,,['uc010rog.2']
48,chr11,+,65192293,65192320,G380.1,ATTTCATAATACTTTCTTGGCATTCTAG,189,65192294,0.5758968487429469,12,187,2133,,['uc010rog.2']
49,chr11,+,65192525,65192544,G381.1,CTCTGGGGCTTTGGGGAATT,96,65192535,0.6778577823987584,6,55,489,,['uc010rog.2']
50,chr11,+,65193097,65193121,G383.1,ATTAGATGGGCTCTTCTGGATTTGT,104,65193103,0.7491271592266457,7,82,707,,['uc010rog.2']
51,chr11,+,65193248,65193268,G383.2,TCGATATTAATAATGGCAAAA,323,65193258,0.6973803925000523,5,216,1470,,['uc010rog.2']
52,chr11,+,65193306,65193351,G383.3,TAACAACCAAATAACCTTTTGTGGTCACTGTAAAATTAATATTTGG,137,65193314,0.8099600751879417,11,118,1026,,['uc010rog.2']
53,chr11,+,65193744,65193792,G385.1,TTCAGTTCTTAACCAATGACTTGGGGATGATGCAAACAATTACTGTCGT,368,65193766,0.8095352109578811,10,305,2117,,['uc010rog.2']
54,chr11,+,65193799,65193834,G385.2,TTAGAGTGTATTAGTCACGCATGTATGGGGAAGTAG,270,65193826,0.7788759649484586,9,84,927,,['uc010rog.2']
55,chr11,+,65193955,65193980,G385.3,TCTTCCCCTTTACAGCACAAATAAAG,541,65193975,0.925081101710712,7,358,2840,,['uc010rog.2']
56,chr11,+,65194291,65194308,G387.1,TTGCCATAATATTTTAAA,143,65194299,0.5791285416027374,6,75,737,,['uc010rog.2']
57,chr11,+,65194385,65194401,G387.2,ACACATAATATGCATAT,292,65194385,0.8591289951616917,5,216,1214,,['uc010rog.2']
58,chr11,+,65194427,65194448,G387.3,GTGCCTGGGATTTGGGTCTAAG,115,65194438,0.7178752961031043,6,89,597,,['uc010rog.2']
59,chr11,+,65194875,65194901,G389.1,GGTGGGGGATCATGACCTGAAGGATTC,160,65194875,0.8216709360725377,5,76,457,,['uc010rog.2']
60,chr11,+,65195271,65195293,G392.1,TTACAAAACTCTTGCTTCCACCC,60,65195279,0.7025780863788055,5,54,366,,['uc010rog.2']
61,chr11,+,65195977,65195996,G394.1,ACTCATTATGGTGCAGTGCG,88,65195987,0.7290341040703913,5,54,364,DNA repeat,['uc010rog.2']
62,chr11,+,65196426,65196457,G395.1,CATGGGATAAGTACATTTTTAAACAAAAATGG,142,65196432,0.7577194326429927,9,107,892,,['uc010rog.2']
63,chr11,+,65196543,65196559,G395.2,TATCAATTTAAACAATC,184,65196550,0.5772963128737131,5,87,1002,,['uc010rog.2']
64,chr11,+,65196563,65196591,G395.3,TTTCAATGGGCATACAGGGTATTTTCTAG,162,65196571,0.6591175347092398,7,82,1060,,['uc010rog.2']
65,chr11,+,65197222,65197246,G397.1,ACATAAATATTAATCCATACTTTCT,229,65197230,0.5998790375238686,10,203,2082,SINE repeat,['uc010rog.2']
66,chr11,+,65197399,65197417,G397.2,GTGGCAGGGTTCAATTCAG,70,65197416,0.8521807882020884,5,65,270,SINE repeat,['uc010rog.2']
67,chr11,+,65197566,65197587,G397.3,TCTGGGAGCAAGTTACTTAACC,117,65197575,0.8303624655342623,5,65,461,SINE repeat,['uc010rog.2']
68,chr11,+,65197918,65197931,G398.1,ATTCTTAACCTTCC,55,65197923,0.5843227564405578,5,28,299,DNA repeat,['uc010rog.2']
69,chr11,+,65198063,65198084,G400.1,TATGCCATTGTGCTTATACTAA,120,65198073,0.6820783724921454,7,92,882,DNA repeat,['uc010rog.2']
70,chr11,+,65198354,65198368,G401.1,AAATTTTTGTGGTGA,173,65198359,0.614595273966549,5,72,1005,,['uc010rog.2']
71,chr11,+,65198811,65198831,G402.1,CTATATTATTGTATTTACAAG,142,65198821,0.6802955404283412,7,102,1186,,['uc010rog.2']
72,chr11,+,65198926,65198944,G403.1,TTCTATTTTTAATTTATTG,65,65198944,0.5934477092599683,8,57,761,,['uc010rog.2']
73,chr11,+,65199210,65199225,G405.1,ACTATTTTAAAAATTG,77,65199221,0.5673414367631462,5,42,497,,['uc010rog.2']
74,chr11,+,65199264,65199279,G405.2,TTCTTTCTATATTCTG,50,65199273,0.5783192161646946,7,37,463,,['uc010rog.2']
75,chr11,+,65199313,65199334,G406.1,AATATCTTCTCTTATTCCATAA,51,65199328,0.6954701378449213,5,53,457,,['uc010rog.2']
76,chr11,+,65199521,65199548,G406.2,TACTCACCTTTCTTTATCCACTCATCAG,132,65199524,0.6426396119702851,9,94,1350,,['uc010rog.2']
77,chr11,+,65199680,65199696,G407.1,TTTATAATTTTCTATTT,96,65199688,0.5492058210920142,8,73,1075,,['uc010rog.2']
78,chr11,+,65199730,65199762,G407.2,ACCACTAACCATGTGAAATTCTCATATTGACCT,192,65199746,0.6100450093539023,10,138,1344,,['uc010rog.2']
79,chr11,+,65199911,65199935,G407.3,ATAAGTCTAATAATAATAACTGATA,172,65199923,0.7474076630839982,7,142,1065,,['uc010rog.2']
80,chr11,+,65200015,65200038,G407.4,CTCTCCATTTAAATTAATTATTTA,76,65200023,0.5866883091592389,9,67,830,,['uc010rog.2']
81,chr11,+,65200128,65200141,G408.1,TTTTTTTCTTTATG,61,65200140,0.7526884135121058,7,32,627,,['uc010rog.2']
82,chr11,+,65200551,65200569,G410.1,TACCACATTTTATTTATCC,293,65200559,0.5887365717372002,7,178,2455,,['uc010rog.2']
83,chr11,+,65200691,65200710,G411.1,ATCAAATGGTTCTTAACATT,117,65200696,0.8274505223930824,7,110,766,,['uc010rog.2']
84,chr11,+,65200887,65200913,G412.1,AACTGGGTAAATCTCAATCTTAATCTT,63,65200887,0.8077002997548357,7,51,574,,['uc010rog.2']
85,chr11,+,65200989,65201012,G413.1,AATCTCCTATCCAATACAAAAACT,157,65201001,0.757274165659917,5,128,806,,['uc010rog.2']
86,chr11,+,65201062,65201079,G413.2,ACTTAAATTAATTATTTA,194,65201071,0.6041651125229205,7,141,1594,,['uc010rog.2']
87,chr11,+,65201100,65201117,G414.1,CAAAATTTTAATGACTAA,101,65201106,0.7365067016052631,6,55,551,,['uc010rog.2']
88,chr11,+,65201205,65201230,G414.2,GTATATATATATATTTAATTTCAATG,61,65201224,0.6146075633753197,6,35,752,,['uc010rog.2']
89,chr11,+,65201241,65201267,G414.3,TACAAATGGCTTTTGGTCATATATATG,153,65201255,0.6764141678846781,8,109,1385,,['uc010rog.2']
90,chr11,+,65201298,65201321,G415.1,CTACACCTTCCACTTATGTGGTCC,103,65201309,0.7400935411930646,5,77,659,,['uc010rog.2']
91,chr11,+,65202326,65202354,G420.1,ATCTATCATGTATGCAGTGACCTACTAAG,91,65202353,0.6743204609909804,7,90,685,DNA repeat,['uc010rog.2']
92,chr11,+,65202704,65202726,G422.1,TAATTAAAATTCAAACACTATAG,147,65202714,0.6813982230940918,5,121,905,,['uc010rog.2']
93,chr11,+,65202794,65202814,G423.1,ACTTCATTTATATTCCTTCAG,218,65202808,0.5670433490615653,9,171,1951,,['uc010rog.2']
94,chr11,+,65202890,65202906,G423.2,TGTTATTTTTATGGCTC,116,65202898,0.5887097770620701,6,62,787,,['uc010rog.2']
95,chr11,+,65202922,65202940,G423.3,TGTACGTGTTGGTATGGTC,159,65202930,0.6367848953097596,5,58,645,,['uc010rog.2']
96,chr11,+,65202944,65202959,G423.4,TTAACCATTTTTCTAG,108,65202955,0.6515395184523619,7,80,773,,['uc010rog.2']
97,chr11,+,65204522,65204544,G430.1,TATTTCTATTGGGTTGTATACTT,90,65204532,0.7185727022894135,6,84,1037,,['uc010rog.2']
98,chr11,+,65205949,65205964,G435.1,AACTTTTTCGTCATCC,88,65205951,0.7313011744100072,5,75,502,,['uc010rog.2']
99,chr11,+,65205977,65206006,G435.2,CTGTATTCATAAAAAAATAACTTCCTACCT,118,65205996,0.7753351848342035,7,52,479,,['uc010rog.2']
100,chr11,+,65206149,65206175,G437.1,TTAGCGGGTTTTCAGGGTTCATTCATG,65,65206158,0.655024491497919,6,44,572,,['uc010rog.2']
101,chr11,+,65206250,65206264,G438.1,TTTATTCACACATCA,70,65206256,0.7637834482759329,5,54,366,,['uc010rog.2']
102,chr11,+,65206278,65206297,G438.2,ATTATTTCTGGTTTTTGGCT,150,65206286,0.7236404440525899,8,125,1272,,['uc010rog.2']
103,chr11,+,65206353,65206377,G438.3,TTTTCAATTCTCTCATTATATACCT,91,65206364,0.6208505832662158,11,90,1068,,['uc010rog.2']
104,chr11,+,65206540,65206561,G439.1,TAATCATTCTAATGAGTGTGAA,65,65206552,0.7808939386526433,5,49,463,,['uc010rog.2']
105,chr11,+,65210484,65210496,G442.1,CCTTTCTTCATTG,50,65210493,0.6330853133990142,5,28,322,,['uc010rog.2']
106,chr11,+,65210985,65211007,G446.1,ACACAATTACTTGGGCTGAAATA,153,65210997,0.7031840980223379,6,126,763,,['uc010rog.2']
107,chr11,+,65268232,65268268,G456.1,TTGGTAAAAATCCGTGAGGTCGGCAATATGTTGTTTT,186,65268245,0.7075388415561151,10,117,1279,,['uc010roh.3']
108,chr11,+,65268284,65268302,G456.2,TGGTAACCTTTTATTTATT,1834,65268293,0.6578564818259139,11,1221,16278,,['uc010roh.3']
109,chr11,+,65268337,65268368,G456.3,TAAAGGGATTTATATGGGGACGTAGGCCGATT,103,65268366,0.7241307638353373,8,86,638,,['uc010roh.3']
110,chr11,+,65268380,65268392,G456.4,TAGGTTTCTCTTT,80,65268380,0.6393313601607801,5,31,534,,['uc010roh.3']
111,chr11,+,65268398,65268421,G456.5,GCTTATACTCATGAATCTTGTCTG,122,65268413,0.5808215934933411,5,52,794,,['uc010roh.3']
112,chr11,+,65268588,65268603,G457.1,GTATTTCAGTTTTGTG,255,65268600,0.6491717636913535,9,218,1746,,['uc010roh.3']
113,chr11,+,65268759,65268814,G457.2,AATCCTAAAGGCAAATGACTCAAGGTGTAACAGAAAACAAGAAAATCCAATATCAG,134,65268767,0.8256977560847605,8,79,535,,['uc010roh.3']
114,chr11,+,65269206,65269228,G459.1,TTTGGTTCATATTCAGTCATCTC,198,65269219,0.715370638476974,8,175,1648,,['uc010roh.3']
115,chr11,+,65269362,65269380,G459.2,GATTGGTGGGGTGGGTTTA,66,65269370,0.6987924783322434,6,35,353,,['uc010roh.3']
116,chr11,+,65269558,65269581,G460.1,TACCAGTGCATTAATTTGGGCAAG,75,65269569,0.6786089707662557,6,56,350,,"['uc001odz.3', 'uc010roh.3']"
117,chr11,+,65269666,65269709,G460.2,TCTGGCCTACTGGGCTGACATTAACTACAATTATGGGAAATGCA,299,65269674,0.5988708238690692,12,267,2531,,"['uc001odz.3', 'uc010roh.3']"
118,chr11,+,65269765,65269788,G460.3,TTTAATAATAATTTAAAACTACTA,408,65269774,0.6317625448241719,10,371,3697,,"['uc001odz.3', 'uc010roh.3']"
119,chr11,+,65269825,65269847,G460.4,CTGAAGGGATTTCTTCTGATGGT,154,65269833,0.6440349488729413,5,77,698,,"['uc001odz.3', 'uc010roh.3']"
120,chr11,+,65269922,65269940,G461.1,CTTTTCCATTGTTTAACTG,127,65269933,0.642749459984832,9,113,1065,,"['uc001odz.3', 'uc010roh.3']"
121,chr11,+,65269964,65269988,G461.2,TTCAAAAATTTTGTAAATTGTTTAT,264,65269975,0.6178692040292069,13,198,1951,,"['uc001odz.3', 'uc010roh.3']"
122,chr11,+,65270095,65270107,G461.3,TTTTTTTCTATAG,69,65270101,0.5099334208532563,8,42,513,,"['uc001odz.3', 'uc010roh.3']"
123,chr11,+,65270119,65270145,G461.4,ATAACATCTTCTGAGTCATAACCAGCC,212,65270134,0.7307991803751471,6,163,1257,,"['uc001odz.3', 'uc010roh.3']"
124,chr11,+,65270179,65270201,G461.5,GCTCCTTGGTGAATTGATAAGTA,119,65270191,0.7262986165724793,6,60,500,,"['uc001odz.3', 'uc010roh.3']"
125,chr11,+,65270211,65270244,G461.6,AAGATTATATGTCATACCTCCATTGGGGAATAAG,282,65270234,0.771352961449057,9,203,1680,,"['uc001odz.3', 'uc010roh.3']"
126,chr11,+,65270258,65270294,G461.7,TTCTTACTACTGATGAGAACATTATCTGCATATGCCA,106,65270271,0.837586234073756,10,80,686,,"['uc001odz.3', 'uc010roh.3']"
127,chr11,+,65270473,65270495,G462.1,AAAATGTTACACTACATTAATCC,72,65270473,0.7632716052577057,6,53,433,,['uc010roh.3']
128,chr11,+,65271058,65271084,G464.1,ATTAAATCATTCAAAATAATAAACTAT,651,65271067,0.6341617514617446,8,463,5298,,['uc010roh.3']
129,chr11,+,65271119,65271152,G464.2,CTCCTTATTTAAATAAAATAGTGTTTGTCTGTAG,520,65271128,0.6093206342927735,12,437,4862,,['uc010roh.3']
130,chr11,+,65271188,65271201,G464.3,CTAATCTTTCAGAA,230,65271195,0.522782527413602,5,44,576,,['uc010roh.3']
131,chr11,+,65271209,65271236,G464.4,CTGCGAACACTCTTTAATGGACCAGATC,168,65271228,0.6499175217679347,7,99,895,,['uc010roh.3']
132,chr11,+,65271281,65271339,G464.5,CAAATTTTATTCTTCATAAAGTGATGAGCATATAATAATTCCAGGCACATGGCAATAGA,283,65271328,0.6753005430306211,17,210,1936,,['uc010roh.3']
133,chr11,+,65271344,65271376,G464.6,CTCTAAATAAGGAATAAATAACCTCTTAGACAG,154,65271376,0.8851703189092438,6,58,619,,['uc010roh.3']
134,chr11,+,65271397,65271423,G464.7,TAAAAGGTAATTACACATTTTATTTCC,207,65271408,0.6846758870691604,10,190,1750,,['uc010roh.3']
135,chr11,+,65271460,65271479,G464.8,GTAATACTTTTTCACATTTC,270,65271470,0.6861431193103935,9,244,2320,,['uc010roh.3']
136,chr11,+,65271521,65271539,G464.9,TGGTAGGCAATGTTTTACA,94,65271526,0.8351613417930897,5,71,494,,['uc010roh.3']
137,chr11,+,65271720,65271748,G466.1,AAATTTTTTTCCTGGAATTTGGAGGGATG,215,65271748,0.7247282630102764,12,172,1672,,['uc010roh.3']
138,chr11,+,65271880,65271901,G467.1,CTATTAGAATGCATTGTGAAAC,69,65271889,0.7988251508338107,5,52,326,,['uc010roh.3']
139,chr11,+,65272043,65272065,G467.2,TACATTTTGCTGGTGTATTTTTA,99,65272051,0.5561829074526721,6,75,973,,['uc010roh.3']
140,chr11,+,65272132,65272159,G467.3,CAACCTTAAAATCAGTGACAAGAAACAT,91,65272132,0.7820261582063134,5,43,269,,['uc010roh.3']
141,chr11,+,65272363,65272390,G468.1,TTTAAATAAACCAAACATTCCATTTTAA,104,65272376,0.7892768157809825,7,100,921,,['uc010roh.3']
142,chr11,+,65273244,65273283,G470.1,TTATAATACTTATCCAGTGACTAAAACCAACTTAAACCAG,296,65273274,0.7267532823116276,11,234,1542,,['uc010roh.3']
143,chr11,+,65273395,65273426,G470.2,CAAAAATTCTCTGCTAAGACTTTTTCAGGTGA,92,65273395,0.6888900712453653,9,113,713,,['uc010roh.3']
144,chr11,+,77597508,77597540,G486.1,TGATTTCTGCCCAGTGCTCTGAATGTCAAAGTG,391,77597518,0.7678377132151516,6,33,1712,rRNA repeat,"['uc001oyr.1', 'uc001oyp.3', 'uc001oys.3', 'uc001oyt.3']"
145,chr11,+,77597578,77597622,G486.2,ACTATGACTCTCTTAAGGTAGCCAAATGCCTTGTCATCTAATTAG,9643,77597610,0.9767618839719878,11,664,29605,rRNA repeat,"['uc001oyr.1', 'uc001oyp.3', 'uc001oys.3', 'uc001oyt.3']"
146,chr11,+,77597658,77597672,G486.3,TCCCTACCTACTATC,4759,77597665,0.5307711894713685,5,187,20502,rRNA repeat,"['uc001oyr.1', 'uc001oyp.3', 'uc001oys.3', 'uc001oyt.3']"
147,chr11,+,85195063,85195087,G488.1,GGTAAACTCCATTTAAGGCTAAATA,33880,85195075,0.9420477573956172,7,19945,131805,rRNA repeat,['uc001pak.2']
148,chr11,+,108602897,108602924,G490.1,ACCATAATTATTTGGCATTTTACCATAT,89,108602897,0.6338434840789602,8,109,959,,"['uc001pkl.1', 'uc001pkm.3']"
149,chr11,-,62609170,62609215,G524.1,CGTCCTCTATCCGAGGACAATATATTAAATGGATTTTTGGAAATAG,595,62609203,0.778753230023434,12,555,5358,snRNA repeat,['uc009yoi.2']
150,chr11,-,62620815,62620837,G526.1,GTCTGATCAATGTGTGACTGAAA,24039,62620826,0.7202831284328728,7,1197,165596,,"['uc009yoj.1', 'uc001nvr.3', 'uc001nvs.3', 'uc001nvt.3', 'uc001nvu.3']"
151,chr11,-,62622789,62622818,G529.1,ACTGAACTCTCTCTTTCTGATGGATTAGTG,377,62622797,0.7122058080081397,9,240,3786,,"['uc009yok.1', 'uc001nvr.3', 'uc001nvs.3', 'uc001nvt.3', 'uc001nvu.3']"
152,chr11,-,93464715,93464738,G547.1,ATGTTATGATGATGGGCGAAATGT,344,93464724,0.8009611345913623,6,200,2498,,"['uc009ywe.3', 'uc001pec.3', 'uc001pdz.3']"
153,chr11,-,93466418,93466452,G550.1,TTTAACTGTTCAACTGCTGAATGATAACGGGCATG,466,93466436,0.8197763342826727,6,142,2005,,"['uc009ywf.1', 'uc001pec.3', 'uc001pdz.3']"
154,chr12,+,20531337,20531366,G572.1,ATTAACTTTTAAAAATACATTTATTATGTG,74,20531357,0.6240590102447634,8,62,970,,['uc001reh.2']
155,chr12,+,20543215,20543233,G576.1,TTATATTTTTTAACCAAAG,55,20543225,0.6355379380104302,6,47,445,,['uc001reh.2']
156,chr12,+,20555932,20555951,G584.1,ATATAACTCCTACTCATTAT,57,20555941,0.6438290130882022,5,45,411,,['uc001reh.2']
157,chr12,+,20564706,20564731,G589.1,CTAAAAACATTACACATTTTCATCTA,76,20564721,0.7059267454467895,6,82,602,,['uc001reh.2']
158,chr12,+,20565154,20565175,G590.1,TTAAGTGGGCAATAAATATTTG,62,20565175,0.6602036667232422,7,50,425,,['uc001reh.2']
159,chr12,+,20573035,20573054,G595.1,ATCATAATTTTTATTTACAA,73,20573045,0.629581323311895,7,75,655,,['uc001reh.2']
160,chr12,+,20576057,20576075,G597.1,ATCAAAATATATTTATATA,56,20576064,0.6140658149506476,5,36,406,,['uc001reh.2']
161,chr12,+,20585146,20585171,G600.1,CAAATAATAAATAATTTACTTTCTAG,107,20585146,0.7002210436529896,8,139,930,,['uc001reh.2']
162,chr12,+,20587021,20587045,G603.1,CAACATTGGTATTCTTTTAAAATAC,154,20587036,0.6190654071737459,8,125,1391,,['uc001reh.2']
163,chr12,+,20589882,20589890,G604.1,CTAATTTTT,91,20589882,0.5359254571722276,5,42,504,,['uc001reh.2']
164,chr12,+,20589893,20589909,G604.2,TCATACCTCCTCTACAG,113,20589900,0.5881366129623873,5,37,527,,['uc001reh.2']
165,chr12,+,20593771,20593800,G607.1,TATATTCTTTTGGGATTCCTTATCAATATG,69,20593781,0.7163272033246302,6,67,901,,['uc001reh.2']
166,chr12,+,20623649,20623676,G614.1,CATCAAAATCTTTCTAAAACTTTCACAG,67,20623672,0.6666574171813341,6,61,538,LTR repeat,['uc001reh.2']
167,chr12,+,20634459,20634482,G615.1,CCCTAATCATAACTGGGGTACTAT,88,20634469,0.7303242670630194,5,75,503,,['uc001reh.2']
168,chr12,+,20648332,20648358,G618.1,AAACAACTATAATCTAATTAACCTAAG,81,20648357,0.5861754856153057,6,70,497,,['uc001reh.2']
169,chr12,+,20704447,20704488,G621.1,TTAATTCCGATAACGAACGAGACTCTGGCATGCTAACTAGTT,8414,20704461,0.9244425384371311,12,4281,57695,rRNA repeat,['uc001reh.2']
170,chr12,+,110741028,110741046,G654.1,AATTATTATTATAATATTA,59,110741037,0.70860898535735,5,49,541,,"['uc001tql.4', 'uc001tqk.4', 'uc021rdt.1']"
171,chr12,-,34372334,34372350,G676.1,CTGCGATCTATTGAAAG,973,34372334,0.7604620029342577,5,30,4806,,[]
172,chr12,-,34372619,34372638,G677.1,AGGTTCAGACATTTTGTGTA,14574,34372629,0.6845776386186031,7,3055,107315,,[]
173,chr12,-,34372657,34372683,G677.2,ATGTGTTGCTACCATGGTAATCCTGCT,1051,34372674,0.7071097687520206,9,259,7786,,[]
174,chr12,-,49521720,49521757,G687.1,AAGGAGAGGAATACTAATTATCCATTCCTTTTGGCCCT,78,49521757,0.7918196524775021,8,61,789,,"['uc021qxn.1', 'uc001rtl.3', 'uc001rtm.3', 'uc010smg.1']"
175,chr12,-,49522206,49522234,G689.1,TAGCAGAGATCACCAATGCTTGCTTTGAG,85,49522224,0.747709997639791,6,78,570,,"['uc021qxn.1', 'uc001rtl.3', 'uc001rtm.3', 'uc010smg.1']"
176,chr12,-,127650527,127650550,G726.1,TTCGTAGACGACTTGCTTCTGGGT,2420,127650540,0.9434889844379012,8,1304,11118,,[]
177,chr12,-,127650626,127650651,G726.2,CGGAGTGCCCTTTGTCCTGGGAAACG,534,127650639,0.8875630329180759,5,455,2145,,[]
178,chr12,-,127650915,127650941,G727.1,ACTGAACGCCTCTTAAGTCAGAATCCC,34415,127650930,0.9835321268339724,6,2866,36561,,[]
179,chr13,+,34429613,34429624,G739.1,TCCTTTGGTATA,51,34429614,0.6568139595789256,5,28,277,,['uc001uva.3']
180,chr13,+,92809116,92809143,G751.1,TACTATTTTTAATATTAATATTAAACAG,61,92809137,0.6282325796067892,7,83,707,,['uc010tif.2']
181,chr13,+,92969306,92969331,G753.1,TATATTCATAAATTCTCATATTTCTA,57,92969314,0.7458753891869444,5,93,646,,['uc010tif.2']
182,chr13,-,46948649,46948663,G768.1,ATATGTCCTCTATCC,313,46948661,0.8293897923974543,6,393,1478,snRNA repeat,"['uc010acl.3', 'uc001vbf.4', 'uc010tfz.2', 'uc010acn.3', 'uc010acm.3', 'uc001vbe.4', 'uc001vbh.4', 'uc001vbi.4', 'uc010aco.1']"
183,chr15,-,66795152,66795182,G903.1,GTACAGAAGGTTGACGAAAATTCTTACTGAG,161,66795174,0.6996998288562398,7,101,1143,,"['uc002apv.3', 'uc002apx.3', 'uc010ujq.2', 'uc010bht.3']"
184,chr16,+,33963043,33963090,G937.1,AGGTCCTGTAATTGGAATGAGTCCACTTTAAATCCTTTAACGAAGATC,3593,33963043,0.9824545275432216,13,2425,30608,rRNA repeat,[]
185,chr16,+,33963095,33963148,G937.2,GGAGGGCAAGTTTAGTGCCAGCAGCCGCGGTAATTCCAGCTCCAATAGCGTATA,10499,33963105,0.9141824827754356,10,1821,26939,rRNA repeat,[]
186,chr16,+,33963237,33963261,G937.3,CCCTTGCCTCTTGGCGCCCCCTCGA,3959,33963252,0.961895076434606,6,2901,14929,rRNA repeat,[]
187,chr16,+,33963302,33963343,G937.4,TGAAAAAATTAGAGTGTTCAAAGCAGGTCCAAGCCGCCTGGA,877,33963329,0.9997206396368056,6,421,2015,rRNA repeat,[]
188,chr16,+,33963385,33963451,G937.5,TTGTTGGTTTATGGAACTGAGGCCATGATTAAGAGGGACAGCTGGGGGCATTTGTATTGCACCGCTA,1375,33963425,0.99905611475453,12,1314,9590,rRNA repeat,[]
189,chr16,+,33963564,33963594,G938.1,GTAGTTCTGACCATAAACGATGCCGACTGGC,1077,33963594,0.9945519263004822,6,1817,5044,rRNA repeat,[]
190,chr16,+,33963889,33963924,G940.1,CTCTGGCATGCTAACTAGTTACGTGACCCCCGAGCG,471,33963916,0.9781316319114958,5,232,1355,rRNA repeat,[]
191,chr16,+,33964130,33964154,G940.2,TGAAGGAGGAATTTCCAGTAAGTGC,1893,33964144,0.8695478679442054,5,1502,6566,rRNA repeat,[]
192,chr16,+,33964295,33964316,G941.1,ACTTGACTATCTAGAGGAAGTA,1061,33964305,0.6788411904636871,5,36,3895,rRNA repeat,[]
193,chr16,+,33965458,33965491,G942.1,TCGATGAAGAACGCAGCTAGCTGTGAGAACTAAT,1610,33965482,0.892012656216846,5,1762,8155,,[]
194,chr16,+,47539109,47539159,G945.1,AGAAGCCCGGCTTGCTGGCGTGTGGAGCCGGGTATGGAATGTGAGTGCCTA,2719,47539138,0.8842446697966697,5,3945,9168,rRNA repeat,"['uc010vgi.1', 'uc002eeu.4', 'uc002eev.4']"
195,chr16,+,47539253,47539272,G946.1,AAAGGTGTTGGTTGATACAG,561,47539272,0.6934839879342415,6,7,2257,rRNA repeat,"['uc010vgi.1', 'uc002eeu.4', 'uc002eev.4']"
196,chr16,-,686764,686785,G966.1,CATGCAAGATTCCCATTCTTGC,166,686775,0.7099036547158929,5,72,892,,"['uc021szx.1', 'uc021szy.1']"
197,chr16,-,2205076,2205106,G968.1,AGTCTGTGATGAATTGCTTTGACTTCTGACA,93,2205103,0.6712902304332585,8,103,855,,['uc002cov.1']
198,chr17,+,16344551,16344582,G1013.1,TCACCCAAAATAGCTGGAATTACCGGCAGATT,908,16344559,0.7318620857472558,6,384,4639,,"['uc021tqv.1', 'uc021tqw.1', 'uc002gqb.4', 'uc010vwk.2', 'uc010vwh.2', 'uc021tqx.1', 'uc010vwi.2', 'uc010cpd.3', 'uc021tqy.1', 'uc002gqc.3', 'uc021tqz.1', 'uc010vwg.2', 'uc010vwj.2', 'uc002gqa.4', 'uc010vwo.1', 'uc010vwp.1', 'uc010vwl.1', 'uc010vwm.1', 'uc010vwn.1', 'uc021tra.1', 'uc021trb.1', 'uc021trc.1', 'uc010cpe.2', 'uc002gqf.1']"
199,chr17,+,16344591,16344608,G1013.2,GTGAACCTATGGTTTTCT,212,16344599,0.6411499587123772,7,87,1580,,"['uc021tqv.1', 'uc021tqw.1', 'uc002gqb.4', 'uc010vwk.2', 'uc010vwh.2', 'uc021tqx.1', 'uc010vwi.2', 'uc010cpd.3', 'uc021tqy.1', 'uc002gqc.3', 'uc021tqz.1', 'uc010vwg.2', 'uc010vwj.2', 'uc002gqa.4', 'uc010vwo.1', 'uc010vwp.1', 'uc010vwl.1', 'uc010vwm.1', 'uc010vwn.1', 'uc021tra.1', 'uc021trb.1', 'uc021trc.1', 'uc010cpe.2', 'uc002gqf.1']"
200,chr17,+,18965362,18965404,G1016.1,CTGCAACTGCCGTCAGCCATTGATGATCGTTCTTCTCTCCGTA,1654,18965369,0.8071659018422639,10,183,6540,snRNA repeat,[]
201,chr17,+,19091399,19091443,G1017.1,GAAAACCACGAGGAAGAGAGGTAGCGTTTTCTCCTGAGCGTGAAG,2675,19091406,0.8899870408944357,8,1831,18462,snRNA repeat,[]
202,chr17,+,27050460,27050478,G1024.1,AAAAATCATTATTGGAAAA,159,27050467,0.7007962624996903,5,133,632,,"['uc002hci.3', 'uc021ttu.1', 'uc002hcm.1']"
203,chr17,-,8076831,8076860,G1064.1,ATTAGAACATGATGATTGGAGATGCATGAA,262,8076860,0.7253842040837063,7,140,1646,snRNA repeat,"['uc002gkg.4', 'uc002gkh.4', 'uc002gki.4', 'uc002gkj.4']"
204,chr17,-,19015774,19015812,G1070.1,CTGCAACTGCCGTCAGCCATTGATGATCGTTCTTCTCTC,824,19015794,0.7292551106394152,6,60,8278,snRNA repeat,[]
205,chr17,-,19093370,19093399,G1071.1,ATGATCGTTCTTCTCTCCGTATTGGGGAGT,200,19093389,0.7456554941882401,5,54,1396,snRNA repeat,[]
206,chr17,-,33478163,33478210,G1077.1,ACTAACCAGGATTCCCTCAGTAATGGCGAGTGAACAGGGAAGAGCCCA,244836,33478188,0.9338099672232808,7,26647,270993,SINE repeat,"['uc002hjc.3', 'uc002hja.3', 'uc002hjb.3', 'uc010cto.3']"
207,chr17,-,75158315,75158348,G1099.1,ACTGAACGCCTTTAAGTCAGAATCCCACCCAGGC,26113,75158337,0.9690834801336692,6,1807,26791,,"['uc021udv.1', 'uc021udw.1', 'uc021udx.1', 'uc010dhc.3', 'uc002jto.3', 'uc010wth.2', 'uc002jtm.3']"
208,chr18,+,77772980,77772998,G1124.1,CCTGCTTCTGGGTCGGGGT,684,77772991,0.5591278120698912,5,49,3809,rRNA repeat,['uc010drg.3']
209,chr18,+,77773011,77773064,G1124.2,AGAGCAGCTCCCTCGCTGCGATCTGTTGAAAGTCAGCCCTCGACACAAGGGTTT,1207,77773044,0.6994092335215305,10,155,8183,rRNA repeat,['uc010drg.3']
210,chr18,-,47015642,47015673,G1141.1,GTGATGACTATCTTAGGACACCTTTGGAATAA,174,47015660,0.8248454486560218,7,122,1385,,"['uc002ldm.2', 'uc021ujt.1', 'uc021ujv.1', 'uc021ujw.1', 'uc021ujx.1', 'uc021ujy.1', 'uc002ldp.3', 'uc021ujz.1', 'uc002ldq.3', 'uc010xdg.2', 'uc002ldr.2']"
211,chr18,-,47017655,47017680,G1142.1,CCGTGAAAATTAATAAATTCTGAGCA,484,47017671,0.703933715191193,6,193,3075,,"['uc002ldm.2', 'uc021ujt.1', 'uc021ujv.1', 'uc021ujw.1', 'uc021ujx.1', 'uc021ujy.1', 'uc002ldp.3', 'uc021ujz.1', 'uc002ldq.3', 'uc010xdg.2', 'uc002lds.1']"
212,chr18,-,47017682,47017704,G1142.2,TTTCTTAGGACACCTTTGGATTT,501,47017695,0.6001835340832846,10,183,4997,,"['uc002ldm.2', 'uc021ujt.1', 'uc021ujv.1', 'uc021ujw.1', 'uc021ujx.1', 'uc021ujy.1', 'uc002ldp.3', 'uc021ujz.1', 'uc002ldq.3', 'uc010xdg.2', 'uc002lds.1']"
213,chr18,-,47018057,47018093,G1143.1,TGATGGCATTTCTTAGGACACCTTTGGATTAATAATG,764,47018079,0.7603686221142424,10,476,8395,,"['uc021ujt.1', 'uc021ujv.1', 'uc021ujw.1', 'uc021ujx.1', 'uc021ujy.1', 'uc002ldp.3', 'uc021ujz.1', 'uc002ldq.3', 'uc010xdg.2', 'uc002ldt.2']"
214,chr19,+,34882907,34882938,G1170.1,GGTGCAGGTATAAGGATCTGGGTCTTTCAATG,118,34882928,0.7591959949252187,7,124,892,,"['uc010xrv.2', 'uc002nvf.3', 'uc002nvg.2', 'uc010xrw.2']"
215,chr19,+,36066515,36066543,G1173.1,GACCCCAGAAAAGGTGTTGGTTGATATAG,134049,36066522,0.6138570451310057,7,2866,712655,rRNA repeat,[]
216,chr19,+,36066589,36066628,G1173.2,GTAACAACTCACCTGCCGAATCAACTAGCCCTGAAAATGG,5128,36066607,0.6358458033275481,7,104,24713,rRNA repeat,[]
217,chr19,+,36066712,36066741,G1174.1,CGATCTCAACCTATTCTCAAACTTTAAATG,300113,36066722,0.5641531047429728,10,5440,2926594,rRNA repeat,[]
218,chr19,+,49994175,49994200,G1183.1,TTCCGCAACTACCTACATTGTTTGAT,400,49994184,0.7662667377425627,9,245,3406,,"['uc002pny.4', 'uc002pnz.4', 'uc031rlt.1', 'uc010ena.1']"
219,chr19,-,24183662,24183679,G1216.1,TTAGAACAATGTAGGTAA,11209,24183671,0.6340754004133571,5,451,40627,,[]
220,chr19,-,24184101,24184123,G1218.1,ATATTCAAATGAGAACTTTGAAG,42757,24184111,0.9813423796806812,7,41652,134517,,[]
221,chr19,-,24184394,24184423,G1219.1,AAATGTGTTGGTTGATATAGACAGCAGGAC,427,24184401,0.5646118233555866,6,26,2262,,[]
222,chr19,-,24184683,24184699,G1222.1,GTTCCCTCTGAAGTTTT,639,24184690,0.7503693941178833,6,276,1722,,[]
223,chr19,-,24184734,24184755,G1222.2,TCGGTCATCTGATCTGGGTATA,6902,24184744,0.8887683481594163,5,13068,39242,,[]
224,chr2,+,78928746,78928789,G1281.1,CTGTTGAGCTTGAGCTTGACTCTAGTCTGGCACGGTGAAGAGAC,6949,78928765,0.7282219157234257,11,77,23358,rRNA repeat,[]
225,chr2,+,122288546,122288574,G1299.1,TAGAGCTTTTGCTTTATTTTGGTGCAATT,238,122288564,0.6273242739213705,8,111,3412,,"['uc010yzd.1', 'uc010yyy.2', 'uc002tnc.3', 'uc010yyz.2', 'uc010yza.2', 'uc021vnl.1', 'uc010yzc.2', 'uc002tng.1']"
226,chr2,+,203156058,203156096,G1328.1,TGGCAATGATGATTTTTACACTTATTGTTGTTCACCTGA,105,203156068,0.7968145938688379,7,60,1122,,"['uc010ftq.1', 'uc002uzb.3']"
227,chr2,+,203157826,203157855,G1329.1,GGCATCTTTAGTCACTACCTCTTCTGAGAC,97,203157841,0.7029501493220476,5,23,816,,"['uc002uzd.1', 'uc002uzb.3']"
228,chr2,+,207027046,207027068,G1330.1,CAAAACAGAAAGTGGGTATATAT,63,207027046,0.8742764836928895,5,27,288,,"['uc002vbj.3', 'uc002vbg.1', 'uc002vbf.1', 'uc002vbh.1']"
229,chr2,-,55235185,55235203,G1364.1,ATATTCTTCATATTTTCTG,51,55235187,0.725165599950628,6,52,509,,"['uc002ryc.3', 'uc002ryd.3', 'uc002rye.3', 'uc002ryf.3', 'uc002ryg.3']"
230,chr2,-,70476153,70476184,G1373.1,GTGTAGTGGTATCATGCAAGATTCCCATTCTT,238,70476175,0.6776576248602609,8,186,2132,,"['uc021viy.1', 'uc021viz.1']"
231,chr2,-,133011940,133011970,G1387.1,AGTAAAAGTCGTAACAAAGTTTCGGTAGGTG,1358,133011957,0.8946503630633927,6,205,3944,,['uc002ttj.3']
232,chr2,-,133012137,133012159,G1389.1,TTTCCCCATGAATGAGGAATTCC,365,133012147,0.9553500182005126,6,304,1174,,['uc002ttj.3']
233,chr2,-,133012299,133012335,G1390.1,AGAGGGACAAGTGGCGTTCAGCCACCTGAGATTGAGC,476,133012311,0.9784816006953648,5,421,1594,,['uc002ttj.3']
234,chr2,-,133012606,133012625,G1392.1,TTTTTGGGTTCCGAGGGGAG,741,133012625,0.8472668959606975,6,811,3344,,['uc002ttj.3']
235,chr2,-,133012644,133012700,G1393.1,AACGATGCCAACTGGCGATGTGGCGGTGTTATTCCCATGACCCGCTGGGCAGCTTCC,631,133012655,0.9964366672372859,9,922,2201,,['uc002ttj.3']
236,chr2,-,133012806,133012824,G1394.1,AGGTGAAATTCTTGGACTG,20908,133012806,0.9945231569970308,5,125,11851,,['uc002ttj.3']
237,chr2,-,133012864,133012911,G1394.2,ATAGGACCACAGTTCTATTTTGTTGGTTTTCGGAACTGAGGCCATGAT,43591,133012875,0.9458276314446172,9,183,52659,,['uc002ttj.3']
238,chr2,-,133013135,133013156,G1396.1,TGCCAGCAGCCGTGGTAATTCC,1934,133013148,0.967278478959148,5,1907,7013,,['uc002ttj.3']
239,chr2,-,133038152,133038179,G1408.1,TCAAGCCGGATCCATAACTTCGGGATAA,2821,133038171,0.6533701609680557,5,134,7518,,[]
240,chr2,-,133038394,133038410,G1409.1,TTCTCTTTTTCTTTGTG,367,133038404,0.6863013275980689,11,304,3120,,[]
241,chr2,-,133038637,133038654,G1411.1,TCCATGTGAACAGCAGTT,7308,133038644,0.587271281924194,5,1056,21832,,[]
242,chr2,-,133038676,133038697,G1411.2,AAATTTTCAAATGAGAACTTTG,7335,133038686,0.9623518296919004,7,2543,25239,,[]
243,chr2,-,133038904,133038934,G1413.1,CTGGAGCGTTGGGCCCATACCCGGCCGTTGA,3257,133038923,0.7655966895790595,6,4216,10737,,[]
244,chr2,-,159440456,159440495,G1425.1,TAAACCATTTGTAGACGACCTGTTTCTGGGTTGGATTTCG,259,159440464,0.739830098998562,5,325,1410,,"['uc002tzz.1', 'uc002tzt.1', 'uc002tzy.1', 'uc002tzu.3', 'uc002tzv.3', 'uc002tzw.3', 'uc002tzx.3', 'uc002uaa.3']"
245,chr2,-,191402730,191402748,G1435.1,TTGATGTGTTGTTGCCATG,1016,191402739,0.5998360719178881,7,76,7511,,[]
246,chr2,-,232321157,232321192,G1451.1,TCAAGAAAATTCCTCTAGATAGTCAAGTTCTGATCC,230,232321168,0.7275697307202045,8,205,2144,,"['uc002vrw.1', 'uc002vru.3']"
247,chr20,+,47895493,47895523,G1487.1,ACTTCACTTTTTTCCCCATCAGATCGACAAT,165,47895505,0.7740988225371017,8,121,1336,,"['uc010ghz.3', 'uc002xul.4', 'uc002xuj.3', 'uc002xum.4', 'uc002xun.4', 'uc002xuo.3']"
248,chr20,+,47896865,47896895,G1488.1,TATGATGACTTAGCTTTTTTCCCCGACAGAT,198,47896888,0.7258883017425302,7,44,1928,,"['uc010gia.1', 'uc002xul.4', 'uc002xuj.3', 'uc002xum.4', 'uc002xun.4', 'uc002xuo.3']"
249,chr20,+,47897237,47897259,G1489.1,TACAGCTTCTTTCCCCATCAGAT,86,47897250,0.7038710814107546,7,35,638,,"['uc002xup.1', 'uc002xul.4', 'uc002xuj.3', 'uc002xum.4', 'uc002xun.4', 'uc002xuo.3']"
250,chr20,+,62528089,62528109,G1499.1,ATCATACTTAATATTTTACTG,64,62528102,0.5839810607077839,5,47,593,,['uc002yhf.3']
251,chr21,+,9827005,9827028,G1524.1,TACCTGGTTGATCCTGCCAGTAGC,2494,9827016,0.9154423074486696,7,1329,10970,rRNA repeat,[]
252,chr21,+,9827031,9827086,G1524.2,ATGCTTGTCTCAAAGATTAAGCCATGCATGTCTAAGTACGCACGGCCGGTACAGTG,4675,9827071,0.910507616135644,14,1306,26008,rRNA repeat,[]
253,chr21,+,9827302,9827344,G1524.3,GATAACCTCGGGCTGATCGCACGCCCCCCGTGGCGGCGACGAC,4636,9827314,0.9825488051183628,5,4111,12327,rRNA repeat,[]
254,chr21,+,9827360,9827389,G1524.4,CCCTATCAACTTTCGATGGTAGTCGCCGTG,1036,9827370,0.6138030056010705,8,166,5786,rRNA repeat,[]
255,chr21,+,9827517,9827557,G1524.5,GTGACGAAAAATAACAATACAGGACTCTTTCGAGGCCCTGT,2189,9827547,0.8696292033937479,8,659,7416,rRNA repeat,[]
256,chr21,+,26946295,26946314,G1530.1,TTAATGCTAATCGTGATAGG,2582,26946305,0.6145068460118894,6,15,12898,,"['uc002ylm.4', 'uc021why.1']"
257,chr21,-,15457361,15457379,G1544.1,TATGTCCTTGGCTGAGGAG,1608,15457370,0.6126427932996972,6,265,7335,,"['uc002yjk.3', 'uc002yjl.3']"
258,chr21,-,15457380,15457408,G1544.2,AGAGGAACCCCAGGTTCAGACATTTGGTG,1789,15457403,0.6354140138757007,6,441,9946,,"['uc002yjk.3', 'uc002yjl.3']"
259,chr22,+,21265455,21265480,G1556.1,CTAACCAGGATTCCCTCAGTAATGGC,7020,21265480,0.9612284611570447,6,4505,26352,rRNA repeat,[]
260,chr22,-,39711227,39711265,G1598.1,ATCGGACAGTGTAGAACCATTCTCTACTGCCTTCCTTCT,100,39711235,0.6419196823222899,5,42,1086,,"['uc003axh.3', 'uc003axi.3', 'uc003axj.3']"
261,chr3,+,52724788,52724824,G1614.1,AATCTTGATTTAAGTGAATGAAAAATTACAAGATCCA,100,52724814,0.7574236256689844,5,31,780,,"['uc003dfd.3', 'uc003dfe.3', 'uc003dff.3', 'uc010hml.1']"
262,chr3,+,185628053,185628082,G1648.1,AATCCTTTGGGTATATACAGTAATGGGATG,84,185628074,0.7549570572447769,8,76,692,,[]
263,chr3,+,186502593,186502617,G1649.1,TGATGGCAATCATCTTTCGGGACTG,921,186502602,0.7342192975446443,6,412,6110,,"['uc003fqs.3', 'uc003fqu.3', 'uc003fqv.3', 'uc003fqw.3', 'uc010hyu.1']"
264,chr3,-,12699751,12699782,G1658.1,TTCCATTATTAATTATAATTAATCTCTCACTG,63,12699758,0.6157114229886116,7,66,862,DNA repeat,"['uc003bxf.4', 'uc011auu.2']"
265,chr3,-,67884872,67884887,G1676.1,TTCTCAAATTTTAAAT,906,67884878,0.7263567067444952,7,60,4704,,['uc003dnc.3']
266,chr3,-,176912915,176912925,G1705.1,CTATTTTTTTT,55,176912915,0.6950414555390471,5,30,462,,"['uc003fiw.4', 'uc003fix.4', 'uc011bpz.2', 'uc003fiy.2']"
267,chr4,+,1135553,1135572,G1712.1,TCCTTATATTTATCCTCATT,70,1135563,0.6743880164834793,7,42,728,,[]
268,chr4,+,39731586,39731608,G1725.1,TACTTCATTTAAAAATTATATAA,63,39731589,0.7488703677647375,6,81,549,,"['uc003guu.4', 'uc003gus.4', 'uc003gut.4', 'uc010ifn.3', 'uc011byq.2', 'uc003guq.4']"
269,chr4,+,76807184,76807232,G1731.1,TTATGAGACAGGTTAGTTTTACCCTACTGATGATCTGTTGTTGCCATGG,17106,76807184,0.8967621851813736,17,3445,238510,rRNA repeat,"['uc003hiz.1', 'uc003hix.3', 'uc003hiy.3']"
270,chr4,-,134082990,134083016,G1792.1,AAAGCAATCTCAACCTATTCTCAAACT,1616,134083016,0.7016122985750302,7,144,10435,,['uc003iha.3']
271,chr5,+,1803357,1803380,G1804.1,TAAATTCACATTCTCAAAATTCAG,62,1803377,0.7943315588527073,5,103,393,,['uc003jcy.3']
272,chr5,+,6715428,6715457,G1808.1,CCATTTTTATTTTAAATATTTCTACATCCG,59,6715448,0.5835633093484714,12,75,810,,"['uc011cmn.2', 'uc003jdx.1']"
273,chr5,+,71146869,71146893,G1833.1,AGCGTCGCGGTTCTGGCGGCATCCG,5395,71146884,0.9347054862542009,5,3668,12039,rRNA repeat,[]
274,chr5,+,138614638,138614668,G1854.1,GGAGTTGATCCTAGTCTGGGTGCAAACAATT,85,138614665,0.7666614926729773,6,52,702,,"['uc010jfa.3', 'uc003ldr.3', 'uc003lds.3', 'uc003ldu.3', 'uc010jfb.3', 'uc003ldt.3', 'uc003ldv.1']"
275,chr5,+,180600650,180600676,G1877.1,GTTTCCGTAGTGTAGTGGTTATCACGT,92,180600666,0.7390857447937736,6,66,814,tRNA repeat,['uc021yjw.1']
276,chr5,-,65425205,65425223,G1906.1,ATGTGTTGTTGCCATGGTA,211,65425217,0.6268247835345041,5,57,1503,rRNA repeat,[]
277,chr5,-,77034261,77034286,G1910.1,AACTATACTTACTTTATATTAACCAT,56,77034270,0.5566529804325437,5,56,560,,"['uc003kfh.1', 'uc003kfi.1']"
278,chr5,-,133336512,133336534,G1925.1,TATTATAATAAATATACAAAATG,87,133336525,0.632711576031798,7,86,609,,"['uc003kyp.2', 'uc003kyq.2', 'uc003kyr.2', 'uc031slc.1']"
279,chr5,-,137896765,137896792,G1928.1,GATGTATTTTATTCAACACATCATTCTG,819,137896777,0.6636801125467771,11,480,9321,,"['uc003ldf.3', 'uc011cyw.2', 'uc003ldg.3']"
280,chr6,+,26538290,26538310,G1960.1,AGTGTAGTGGTTATCACGTTC,83,26538300,0.7741202829531926,5,58,541,tRNA repeat,['uc021ynm.1']
281,chr6,+,28949975,28950003,G1967.1,TTCCCTGGTGGTCTAGTGGTTAGGATTCG,1326,28949976,0.7593179430474822,6,169,12762,tRNA repeat,['uc021yto.1']
282,chr6,+,52860676,52860708,G1981.1,GTAGGGTAGTCAAGCTTCCAAGACTCCAGACAC,188,52860690,0.8106672254580201,5,135,507,RNA repeat,[]
283,chr6,+,120583454,120583492,G2000.1,GAAGGCCGAAGTGGAGAAGGGTTCCATGTGAACAGCAGT,11177,120583464,0.6832308619751617,6,2943,49685,rRNA repeat,[]
284,chr6,+,133136472,133136497,G2005.1,ATACCCCTTCACTCCTTTTATGAGTG,78,133136478,0.7443690129117396,7,52,716,,"['uc003qdx.3', 'uc003qdy.1']"
285,chr6,+,133593950,133593976,G2008.1,CAGTTTTATTTGGTAAAGTGAATGATT,2504,133593966,0.9118877295539336,6,2043,8947,rRNA repeat,"['uc011ecq.2', 'uc011ecr.2', 'uc003qec.4', 'uc003qed.4', 'uc003qee.4', 'uc011ecs.2']"
286,chr6,+,133594002,133594020,G2008.2,CAACCTATTTTCAAACTTT,190712,133594012,0.6894206584342745,6,185087,1311653,rRNA repeat,"['uc011ecq.2', 'uc011ecr.2', 'uc003qec.4', 'uc003qed.4', 'uc003qee.4', 'uc011ecs.2']"
287,chr6,+,133594027,133594047,G2008.3,GTTAGAAGCCTGGCTCGCTGG,190767,133594036,0.9470617095771192,5,189840,742952,rRNA repeat,"['uc011ecq.2', 'uc011ecr.2', 'uc003qec.4', 'uc003qed.4', 'uc003qee.4', 'uc011ecs.2']"
288,chr6,-,86387063,86387082,G2045.1,TGTGATGATCTTATCCCGAA,135,86387073,0.6694891811992364,5,37,860,,"['uc003plb.4', 'uc003pld.4', 'uc003ple.2']"
289,chr6,-,166383908,166383926,G2073.1,ATTACCCCAAATAATTTAG,55,166383917,0.7072252740603181,6,48,282,,"['uc003qup.1', 'uc011egl.1', 'uc003quq.5', 'uc021zic.1']"
290,chr6,-,166390983,166391006,G2076.1,ACTCACAAATATAATTATCCCTCT,99,166390998,0.6976862487956176,6,84,701,,"['uc003qup.1', 'uc011egl.1', 'uc003quq.5', 'uc021zic.1']"
291,chr6,-,166395585,166395597,G2080.1,CTCTACCTCTCTG,95,166395587,0.7202198503232787,5,34,399,,"['uc003qup.1', 'uc011egl.1', 'uc003quq.5', 'uc021zic.1']"
292,chr6,-,166395860,166395884,G2081.1,ATTATTACATTAAATTAATCTCATG,63,166395866,0.7038218512509464,8,60,633,,"['uc003qup.1', 'uc011egl.1', 'uc003quq.5', 'uc021zic.1']"
293,chr6,-,166396430,166396446,G2082.1,TAAACATTTTTCCTTTG,101,166396437,0.5602150551918529,5,46,863,,"['uc003qup.1', 'uc011egl.1', 'uc003quq.5', 'uc021zic.1']"
294,chr6,-,166613272,166613295,G2084.1,TTTTAAATTAAATATTTCTTTCAG,64,166613274,0.6106431944472215,8,44,788,,[]
295,chr7,+,68527489,68527508,G2106.1,CTATGACTCTCTTAAGGTAG,548,68527498,0.6463687215374625,5,67,2464,rRNA repeat,[]
296,chr7,+,80962929,80962963,G2113.1,TGTAATTGGAATGAGTCCACTTTAAATCCTTTAAA,927,80962938,0.7567957825656894,9,116,7822,rRNA repeat,[]
297,chr7,+,80963025,80963044,G2113.2,TATATTAAAGTTGCTGCAGT,477,80963032,0.7192788245444588,6,65,2543,rRNA repeat,[]
298,chr7,+,93269040,93269057,G2117.1,ATTTAATAATATTTACAT,56,93269048,0.6584001492069832,6,37,467,,['uc003umx.1']
299,chr7,+,148638615,148638641,G2147.1,ATTTAACATTGTCTCCCCCCACAACCG,95,148638625,0.6919379372216954,5,56,507,scRNA repeat,[]
300,chr7,+,148680869,148680892,G2149.1,TTTACAACTAATTGATCACAACCA,121,148680882,0.7590689315732332,6,60,680,scRNA repeat,[]
301,chr7,-,57109751,57109769,G2174.1,ATTTATAGTCCTTGGGTAT,86,57109760,0.7073566185363772,5,17,753,,[]
302,chr7,-,111048327,111048351,G2202.1,TCTTATAATAAATATTATACTTATT,74,111048336,0.6739441408011236,7,108,851,,"['uc003vfq.2', 'uc010ljr.2', 'uc003vfr.3']"
303,chr8,+,43094777,43094799,G2238.1,TACACAAAATATATATTATATAC,61,43094789,0.697193729137062,5,30,457,Satellite repeat,[]
304,chr8,-,46951978,46951994,G2279.1,GTTCAGACATTTGGTGT,1065,46951986,0.6313883668128286,6,264,5880,,[]
305,chr8,-,56755186,56755209,G2283.1,GTATAGGGGTGAAAGACTAATTGA,7014,56755197,0.9799972215334789,5,984,14195,,[]
306,chr8,-,70602329,70602353,G2293.1,TCTAGTCTGGCATGGTGAAGAGACA,12412,70602341,0.9573756733887124,6,4405,24051,,"['uc010lzb.3', 'uc011lfa.2', 'uc003xyk.3', 'uc003xyl.3']"
307,chr8,-,70602566,70602590,G2294.1,TGTGATTTCTGCCCAGTGCTCTGAA,4757,70602578,0.7248829085591884,9,1372,33631,,"['uc010lzb.3', 'uc011lfa.2', 'uc003xyk.3', 'uc003xyl.3']"
308,chr8,-,128187747,128187772,G2311.1,TAACATGATTTACCATGTTTCACATG,77,128187763,0.6311823617537543,7,75,695,,[]
309,chr8,-,128188679,128188704,G2313.1,ATTATTATTAACTATAATCACCCTAG,71,128188693,0.6463681104370664,9,68,642,,[]
310,chr8,-,128188802,128188820,G2314.1,ATATATAATAATCAAATAG,90,128188810,0.7468137505670667,6,85,455,,[]
311,chr8,-,128190576,128190595,G2317.1,TGGTTATTTCTATTCTTCTG,73,128190580,0.6083594382843336,7,72,790,,[]
312,chr8,-,128200826,128200843,G2321.1,TCTTTCCAATAATAAAGG,53,128200834,0.7663318877491414,5,38,280,,[]
313,chr8,-,128215466,128215496,G2325.1,TACATATATTATGATAAAATTATTATTCCAG,74,128215478,0.6022366512950997,7,72,804,,[]
314,chr8,-,128222991,128223010,G2332.1,TCTGTGTTTTCCACAGCTAT,87,128222999,0.7010340225216736,5,83,694,,['uc003ysa.2']
315,chr8,-,128224746,128224770,G2334.1,CCACACACCTCACTATTCCCTATTG,95,128224755,0.6338932804206078,6,87,577,,['uc003ysa.2']
316,chr8,-,128224808,128224841,G2335.1,CTAATCTAATCAATAGACTTATCTTTTTTTCCTG,187,128224831,0.7099355332518189,14,279,1926,,['uc003ysa.2']
317,chr8,-,128225726,128225746,G2336.1,ACTCATATTTTCCCAAAAATA,51,128225734,0.6846028832426571,5,44,313,,['uc003ysa.2']
318,chr8,-,128227590,128227612,G2337.1,TCACTAATCCTAAAAATCACAAG,85,128227595,0.7668043957989528,5,62,358,,['uc003ysa.2']
319,chr8,-,128227787,128227812,G2338.1,AATAAACAATGTGTATATTTCACAAG,110,128227789,0.6919039241202034,6,120,712,,['uc003ysa.2']
320,chr8,-,128230556,128230575,G2341.1,AAAATTTTTTTAAAACACTC,61,128230564,0.7018166388649859,5,26,462,,['uc003ysa.2']
321,chr8,-,128233413,128233446,G2346.1,CACATGGAAAATTCCAAATATCACAACTTCTCTA,537,128233434,0.6258719531339632,9,460,4002,,[]
322,chr8,-,141626699,141626717,G2360.1,CCATCATTAATTCTTATAA,63,141626708,0.6885744595640765,6,56,448,SINE repeat,"['uc003yvn.3', 'uc010meo.3', 'uc010men.3']"
323,chr9,+,37155470,37155489,G2376.1,TAATTTTTTAATTAAATATA,75,37155480,0.6467802041249767,6,47,778,,"['uc003zzq.3', 'uc011lqh.2', 'uc022bgu.1', 'uc003zzs.1', 'uc010mlt.3', 'uc031tds.1']"
324,chr9,+,79186851,79186887,G2385.1,CATTCGTAGACGACCTGCTTCTGGGTCGGGGTTTCCT,7447,79186887,0.8791557598575512,11,376,30495,rRNA repeat,[]
325,chr9,+,79186911,79186939,G2385.2,TGCGATCTATTGAAAGTCAGCCCTCGACA,221,79186911,0.9432963414883804,5,37,1013,rRNA repeat,[]
326,chr9,+,136217709,136217734,G2407.1,GATGGTTAAGAATTTCTTCACCTGAA,314,136217720,0.7136459040010307,7,176,2246,,"['uc004cde.1', 'uc010nak.3']"
327,chr9,-,21557413,21557432,G2426.1,TTATATTTTTCATATAATTG,72,21557423,0.6738393934241589,5,72,792,,['uc003zpe.2']
328,chrM,+,579,594,G2454.1,GTTTATGTAGCTTACC,158,584,0.7868942354902659,6,89,775,,[]
329,chrM,+,625,668,G2454.2,ACGGGCTCACATCACCCCATAAACAAATAGGTTTGGTCCTAGCC,322,643,0.8285076903699068,7,110,1487,,['uc022bqo.2']
330,chrM,+,819,844,G2454.3,GCAGTGATTAACCTTTAGCAATAAAC,113,833,0.8209672114263815,5,58,434,,[]
331,chrM,+,1082,1133,G2454.4,ATACCCCACTATGCTTAGCCCTAAACCTCAACAGTTAAATCAACAAAACTGC,198,1124,0.8203288642368144,8,121,1262,,[]
332,chrM,+,1142,1183,G2454.5,ACACTACGAGCCACAGCTTAAAACTCAAAGGACCTGGCGGTG,163,1146,0.6932657861306293,5,46,593,,[]
333,chrM,+,1219,1256,G2454.6,GATAAACCCCGATCAACCTCACCACCTCTTGCTCAGCC,157,1238,0.7242228907591995,5,56,696,,[]
334,chrM,+,1367,1391,G2454.7,ACATTTTCTACCCCAGAAAACTACG,118,1385,0.9022074751509022,5,69,600,,[]
335,chrM,+,1414,1450,G2454.8,GTCGAAGGTGGATTTAGCAGTAAACTGAGAGTAGAGT,629,1441,0.8635747866743816,7,480,3891,,[]
336,chrM,+,1517,1544,G2454.9,GGACATTTAACTAAAACCCCTACGCATT,306,1530,0.702890476546402,5,97,1323,,[]
337,chrM,+,1621,1671,G2455.1,CAAAGCACCCAACTTACACTTAGGAGATTTCAACTTAACTTGACCGCTCTG,136,1641,0.779358111528526,8,86,876,rRNA repeat,['uc004cor.1']
338,chrM,+,1854,1880,G2455.2,CATAATGAATTAACTAGAAATAACTTT,268,1869,0.8438486866475792,7,127,1354,rRNA repeat,['uc004cos.5']
339,chrM,+,1988,2027,G2455.3,AGGCGACAAACCTACCGAGCCTGGTGATAGCTGGTTGTCC,270,2018,0.6392899145217946,6,95,1203,rRNA repeat,['uc004cos.5']
340,chrM,+,2229,2256,G2455.4,AAAAAATCCCAAACATATAACTGAACTC,352,2249,0.5455608858980724,5,67,1072,rRNA repeat,['uc004cos.5']
341,chrM,+,2380,2418,G2455.5,CCCAATATCTACAATCAACCAACAAGTCATTATTACCCT,352,2390,0.8052128647359618,7,149,1775,rRNA repeat,['uc004cos.5']
342,chrM,+,2599,2633,G2455.6,CATAATCACTTGTTCCTTAAATAGGGACCTGTATG,118,2607,0.6767731833017909,6,86,1232,rRNA repeat,['uc004cos.5']
343,chrM,+,2700,2742,G2455.7,GCGGGCATGACACAGCAAGACGAGAAGACCCTATGGAGCTTTA,276,2713,0.9661167232331084,5,136,1055,rRNA repeat,['uc004cos.5']
344,chrM,+,2911,2959,G2456.1,GACCAACGGAACAAGTTACCCTAGGGATAACAGCGCAATCCTATTCTAG,226,2941,0.7832972035085498,6,143,973,,['uc004cos.5']
345,chrM,+,2983,3011,G2456.2,ACGACCTCGATGTTGGATCAGGACATCCC,1265,3002,0.7650951137973003,6,949,4610,,['uc004cos.5']
346,chrM,+,3058,3083,G2456.3,CCTACGTGATCTGAGTTCAGACCGGA,197,3066,0.5635464915152449,5,59,628,,['uc004cos.5']
347,chrM,+,3090,3113,G2456.4,CAGGTCGGTTTCTATCTACTTCAA,188,3097,0.5612607160472833,8,116,1370,,['uc004cos.5']
348,chrM,+,3158,3185,G2456.5,CAAAGCGCCTTCCCCCGTAAATGATATC,183,3174,0.8437082787037037,5,69,439,,['uc004cos.5']
349,chrM,+,10447,10472,G2469.1,AATTATGATAATCATATTTACCAAAT,128,10472,0.9355433284438872,6,107,840,,"['uc022bqs.1', 'uc022bqt.1', 'uc004cov.5']"
350,chrM,+,12219,12250,G2475.1,CAAGAACTGCTAACTCATGCCCCCATGTCTAA,281,12231,0.6052216178422569,6,123,1436,,"['uc022bqs.1', 'uc022bqt.1', 'uc031tgb.1', 'uc004cow.2']"
351,chrM,-,342,374,G2478.1,AGGGTTCTTTGTTTTTGGGGTTTGGCAGAGATG,198,350,0.7294743383944191,7,27,907,,['uc004coq.4']
352,chrX,+,24769781,24769804,G2505.1,AAATATTATTTCCTAATATAAAAA,86,24769791,0.7140424148024239,6,90,684,,['uc004dbl.3']
353,chrX,+,108297364,108297412,G2534.1,GCGGGTGTTGATGCGATGTGATTTCTGCCCAGTGCTCTGAATGTCAAAG,789,108297376,0.9626295645396348,13,831,6959,rRNA repeat,[]
354,chrX,+,108297459,108297477,G2534.2,CTCTCTTAAGGTAGCCAAA,4965,108297468,0.5807781967077639,5,552,18476,rRNA repeat,[]
355,chrX,+,108297587,108297613,G2534.3,GCGGGGAAAGAAGACTCTGTTGAGCTT,1988,108297595,0.9898903323182472,5,661,6643,rRNA repeat,[]
356,chrX,+,108297668,108297728,G2534.4,CCCCGGCGCCCCCCGGTGTCCCCGCGAGGGGTCCAGGGCGGGGTCTGCCGGCCCTGCGGGC,52765,108297698,0.9997865312199912,6,11379,21960,rRNA repeat,[]
357,chrX,-,73460757,73460776,G2572.1,TCCATAATCTATACAATACT,51,73460764,0.6478142966162441,5,32,325,,"['uc010nlq.1', 'uc004ebq.1']"
358,chrY,+,3005094,3005112,G2598.1,ATTCAGACATTTGGTGTAT,647,3005102,0.7370885583069003,7,366,4782,rRNA repeat,[]
359,chrY,+,10035387,10035412,G2601.1,AATAACAATACAGGACTCTTTCGAGG,183,10035396,0.6000894190525208,6,104,967,rRNA repeat,[]
360,chrY,+,10035431,10035447,G2602.1,TCTACTTTAAATCCTTT,71,10035432,0.9115106757317476,5,90,522,rRNA repeat,[]
361,chrY,+,10036535,10036569,G2609.1,TTGTACACACTGCCAGTCGCTACTACTGATTGGAT,1183,10036544,0.961249777886866,7,1365,5693,rRNA repeat,[]
362,chrY,+,10037757,10037779,G2611.1,CTTGTATGACTTTTAGCGGTGGA,8562,10037760,0.9124702530944347,8,8914,30723,,[]
363,chrY,+,10037787,10037827,G2611.2,GCTCCTGCGTTGATGAAGAATGCAGCTAGCTGTGAGAATTA,27363,10037807,0.9722977888608104,11,11383,69854,,[]
