,Chromosome,Strand,ClusterStart,ClusterEnd,ClusterID,ClusterSequence,ReadCount,ModeLocation,ModeScore,ConversionLocationCount,ConversionEventCount,NonConversionEventCount,transcripts
0,chr1,+,26801736,26801757,G43.1,ACTTTTTTTTTTTTTTTAAAAG,140,26801745,0.581105632380426,12,38,2062,['uc001bmp.4']
1,chr1,+,40759052,40759067,G55.1,ATCTTTTTTTCCCACG,112,40759067,0.7903044746208369,8,94,802,['uc001cfg.4']
2,chr1,+,110885172,110885189,G108.1,TTTTTTTTCTCTATTCAG,51,110885181,0.6286876228745076,9,38,574,"['uc021orn.1', 'uc001dzl.1', 'uc001dzm.1']"
3,chr1,+,145277419,145277440,G125.1,GAAAGACTAATTGAACCATCTA,4192,145277431,0.8791740478915624,5,2311,10144,"['uc001emm.4', 'uc001emn.4', 'uc031pob.1', 'uc001emo.2', 'uc010oyh.1', 'uc021ouk.1', 'uc021ots.1', 'uc010oye.3', 'uc031pnx.1', 'uc021ott.2']"
4,chr1,+,162497813,162497826,G148.1,CTTTTTTATCCCAG,116,162497826,0.7969962668825997,6,97,715,"['uc001gcd.3', 'uc001gcc.2', 'uc009wuu.2']"
5,chr1,+,169101319,169101339,G162.1,CATTTTTAACATACTCCATAG,142,169101331,0.5698232106175459,8,124,1003,['uc001gfr.1']
6,chr1,+,169101364,169101382,G163.1,TATTTTTATTTTTTTCCTG,54,169101382,0.6203525216137528,12,38,687,['uc001gfr.1']
7,chr1,+,173457352,173457367,G166.1,AATTTTTTTTTAACTG,64,173457363,0.6539434065752736,6,51,587,['uc001giy.1']
8,chr1,+,198289628,198289643,G186.1,CTTTCTTATTTATATT,51,198289637,0.6439554407831731,7,31,530,"['uc001gun.4', 'uc021pgx.1']"
9,chr1,-,7990388,7990408,G253.1,TCCCTGGTAGTCTAGTGGTTA,449,7990404,0.6857534405573026,6,12,2488,"['uc021ofs.1', 'uc001aot.3']"
10,chr1,-,23636768,23636787,G277.1,TTTTATTTTTCCTCTTTTCA,67,23636777,0.6113423074752786,9,24,914,"['uc001bgo.3', 'uc001bgr.4', 'uc001bgp.4', 'uc001bgs.4', 'uc009vqk.3', 'uc010odx.2', 'uc010odw.2', 'uc009vql.3']"
11,chr1,-,26227419,26227437,G283.1,TTTTATTTTTTCCCTCCTG,57,26227427,0.6500783865802349,10,51,630,"['uc001bkz.3', 'uc010oev.2', 'uc001bla.3', 'uc001blb.3', 'uc001blc.3']"
12,chr1,-,35649989,35650008,G291.1,ATACCAATCTTTTAAATTCT,59,35650002,0.6323287739963142,8,57,472,['uc001bys.3']
13,chr1,-,78238819,78238837,G320.1,TAATACTTTTTTATTTTGT,2512,78238828,0.6266648365103062,9,1700,28462,[]
14,chr1,-,78414127,78414142,G321.1,TTTCACTTTTAAAATG,53,78414132,0.6240208433562845,6,39,385,"['uc001dih.4', 'uc001dii.3', 'uc010orm.2']"
15,chr1,-,91852789,91852812,G326.1,GTTCACCCACTAATAGGGAACGTG,15403,91852802,0.8983843252840696,5,840,38039,"['uc001doc.1', 'uc001doa.4', 'uc010osu.2', 'uc010osv.1']"
16,chr1,-,91852828,91852850,G326.2,CCTATCATTGTGAAGCAGAATTC,15291,91852837,0.9446337749041279,7,779,28187,"['uc001doc.1', 'uc001doa.4', 'uc010osu.2', 'uc010osv.1']"
17,chr1,-,91852998,91853018,G326.3,TCTTGATTTTCAGTACGAATA,930,91853008,0.7475921409115142,8,75,4792,"['uc001doc.1', 'uc001doa.4', 'uc010osu.2', 'uc010osv.1']"
18,chr1,-,95621355,95621371,G331.1,TACCTGGTTGATCCTGC,38920,95621364,0.6010801910259232,6,895,230805,"['uc021oqe.1', 'uc001drb.3', 'uc001drd.4']"
19,chr1,-,120543935,120543955,G359.1,AAAGACTAATTGAACCATCTA,1923,120543944,0.8379359075901041,5,1195,4716,"['uc021osy.1', 'uc001eik.3', 'uc001eil.3', 'uc001eim.4']"
20,chr1,-,154129464,154129481,G377.1,TTTTATTTTTTTCATTAG,73,154129468,0.6048864279487421,12,51,897,"['uc001fdx.1', 'uc031ppm.1', 'uc010pei.1', 'uc001fdz.1', 'uc001fed.2', 'uc031ppn.1', 'uc001feb.1', 'uc001fdy.1', 'uc031ppo.1', 'uc010pej.2', 'uc001fea.1']"
21,chr1,-,204374740,204374766,G438.1,TTTTTCTATATTTTTTTTATTTCAATG,141,204374747,0.5643790532450136,19,110,2469,['uc001hav.4']
22,chr1,-,205686284,205686302,G443.1,TTTTCTTTTTCATATCCCG,66,205686292,0.5921520414145062,11,70,656,['uc001hdb.3']
23,chr1,-,224051003,224051023,G459.1,CCTTAACACTTTTTTATTTTG,3145,224051019,0.5306033419154162,12,776,36889,[]
24,chr1,-,245017459,245017477,G480.1,TTTTTTTTTTTTTATCACA,242,245017467,0.5639154386300904,13,134,3243,"['uc001iay.1', 'uc001iaz.1', 'uc001iba.1']"
25,chr1,-,245017656,245017673,G481.1,TTTTTAAACATTCCACAA,54,245017656,0.6474285778358443,7,49,329,"['uc001iay.1', 'uc001iaz.1', 'uc001iba.1']"
26,chr10,+,13769855,13769881,G498.1,GGTCGTGCCCGGTTAGTACTTGGATGG,656,13769881,0.7231307198856214,5,5,4100,"['uc001ims.3', 'uc009xjf.1', 'uc001imt.1', 'uc001imu.1']"
27,chr10,+,21932980,21932996,G505.1,GATACCGTTTTAGTCTT,428,21932987,0.7098784010764674,5,365,3018,"['uc001iqs.3', 'uc001iqv.3', 'uc001iqt.3', 'uc021pny.1', 'uc001ira.3']"
28,chr10,+,95288380,95288398,G572.1,TATTTTTTTTTTCATATTG,72,95288390,0.6219266137543428,10,55,953,"['uc009xug.3', 'uc001kiq.4']"
29,chr10,+,103922726,103922741,G588.1,TAATTTTATCATTACA,56,103922733,0.5674860969258905,5,34,409,"['uc001kuo.2', 'uc001kup.2', 'uc001kuq.2', 'uc009xxb.1', 'uc001kur.2']"
30,chr10,+,107744482,107744492,G594.1,TTTTGGTTGAT,150,107744483,0.6667803244604512,5,40,890,[]
31,chr10,-,32300038,32300055,G653.1,TTTTCTTTTCCTATTAAA,81,32300047,0.6811753918052132,8,73,813,['uc001iwe.4']
32,chr10,-,58117264,58117283,G671.1,TCAACTCTTACTTTTATCAG,71,58117277,0.5695186732414962,8,58,581,"['uc001jjx.1', 'uc001jjy.1', 'uc001jka.1', 'uc031pvd.1']"
33,chr10,-,61551957,61551975,G675.1,CTCTTTTTTATCCTTAATG,76,61551965,0.6599876252553731,10,59,777,['uc001jks.4']
34,chr11,+,32998664,32998681,G776.1,CATACTATTTTCCCTATC,51,32998674,0.6054791078530235,7,53,355,"['uc001mty.3', 'uc001mtz.1']"
35,chr11,+,35250998,35251018,G779.1,ATAAAATTTTCTACTCTTTTT,108,35251009,0.6227602296411396,9,97,1178,"['uc001mvu.3', 'uc001mvv.3', 'uc001mvw.3', 'uc001mwc.4', 'uc001mvx.3', 'uc010rer.2', 'uc001mvy.3', 'uc009ykh.3']"
36,chr11,+,35252723,35252736,G780.1,TATTTTCTTTTCAA,50,35252733,0.6320360902789365,5,12,438,"['uc001mvu.3', 'uc001mvv.3', 'uc001mvw.3', 'uc001mwc.4', 'uc001mvx.3', 'uc010rer.2', 'uc001mvy.3', 'uc009ykh.3']"
37,chr11,+,65271719,65271733,G812.1,AAAATTTTTTTCCTG,184,65271729,0.5946002165529775,8,145,1323,['uc010roh.3']
38,chr11,+,85195049,85195087,G844.1,AGCCCAAAGCGGGTGGTAAACTCCATTTAAGGCTAAATA,3595,85195077,0.9293445597158216,6,390,8266,['uc001pak.2']
39,chr11,+,86143123,86143143,G845.1,TTTTTTAACTAAATTAACATG,68,86143133,0.649690773005536,6,52,603,[]
40,chr11,-,1823255,1823272,G895.1,TAATACTTTTTTATTTTG,2601,1823263,0.6301125081921339,9,1763,29411,[]
41,chr11,-,2258029,2258052,G897.1,TTTGCCGGATCAAGAGCTTCGCAC,708,2258029,0.6149727747013418,5,7,3392,[]
42,chr11,-,27519769,27519785,G922.1,CTATTTTTTTTAACCTG,356,27519774,0.6620450943541247,10,318,3222,"['uc001mrl.3', 'uc009yii.3']"
43,chr11,-,33730167,33730183,G927.1,TCTTTCCTTACATCAAT,70,33730175,0.5898982940573999,6,49,508,"['uc001mus.4', 'uc009yjx.3', 'uc009yjy.3', 'uc009yjz.3', 'uc001mut.4', 'uc009yka.3', 'uc001muu.4', 'uc001muv.4']"
44,chr11,-,73387516,73387529,G974.1,TTAACAACTTTCAA,53,73387523,0.5019556701177005,5,11,250,"['uc021qnd.1', 'uc001oue.3', 'uc001ouf.3', 'uc009yts.3']"
45,chr11,-,73387560,73387574,G975.1,AATCTTTTTTCTTTG,99,73387565,0.6167446833572513,8,87,900,"['uc021qnd.1', 'uc001oue.3', 'uc001ouf.3', 'uc009yts.3']"
46,chr11,-,110102299,110102316,G999.1,ATTAACACTAATTATCAC,207,110102309,0.5491409732500506,6,165,1043,"['uc001pks.3', 'uc001pkt.3', 'uc031qdy.1', 'uc009yxx.1', 'uc009yxy.3', 'uc009yxz.3', 'uc009yya.3', 'uc001pku.3', 'uc010rwe.2']"
47,chr11,-,122017282,122017297,G1012.1,TGAGGTAGTAGGTTGT,537,122017292,0.6379137318505114,5,22,3183,"['uc021qro.1', 'uc001pyg.3', 'uc009zba.2']"
48,chr12,+,20704366,20704385,G1047.1,GATTGACAGATTGATAGCTC,1148,20704375,0.7951170259538402,5,78,5001,['uc001reh.2']
49,chr12,+,20704457,20704490,G1047.2,TAACGAACGAGACTCTGGCATGCTAACTAGTTAC,4033,20704466,0.9601258730131266,6,540,7668,['uc001reh.2']
50,chr12,+,51637364,51637388,G1076.1,ATTTTATTTTATCTTATAATTTCAG,91,51637372,0.5903519181749434,12,43,1292,"['uc021qxy.1', 'uc010snc.2', 'uc001ryb.3', 'uc010sne.2', 'uc010snd.2', 'uc010snf.1']"
51,chr12,+,96259872,96259886,G1109.1,TTATATATATTTCTA,95,96259881,0.5795857916698727,9,23,805,['uc001tej.3']
52,chr12,+,98897281,98897293,G1112.1,TCCTCGTTAGTAT,1981,98897283,0.6016793251089793,6,15,10986,"['uc001tff.2', 'uc021rcj.1']"
53,chr12,+,104742567,104742585,G1121.1,TTTTTCTTTTTTCTCCATG,195,104742578,0.6167553144994258,13,155,2378,"['uc021rcx.2', 'uc010swq.3', 'uc021rcy.2', 'uc021rcz.2', 'uc021rda.2', 'uc021rdb.2', 'uc010swp.3', 'uc001tku.4', 'uc009zun.4']"
54,chr12,+,124081555,124081576,G1138.1,TTTATTATTTCTTCTTTTCCTT,56,124081564,0.6268569476091549,7,26,861,['uc001ufg.3']
55,chr12,-,34372652,34372670,G1166.1,ATGGTAATCCTGCTCAGTA,1354,34372661,0.7229635451450243,5,48,3291,[]
56,chr12,-,46754603,46754618,G1169.1,CTTAACTTTTATCAAG,147,46754603,0.6902797805353893,7,150,879,"['uc010sli.2', 'uc001rpg.3', 'uc001rph.3']"
57,chr12,-,127650943,127650962,G1235.1,GCTACCATCTGTGGGATTAT,1072,127650952,0.7621488839669114,7,127,4677,[]
58,chr13,-,77455549,77455566,G1377.1,ATAACTTTTTACTCTTCA,56,77455557,0.5975500479997475,8,39,464,['uc010aeu.1']
59,chr13,-,97231808,97231827,G1394.1,TTTTTTTTTTTAACACAACA,61,97231808,0.6848442189082257,5,13,658,['uc001vmw.4']
60,chr14,+,21101165,21101179,G1414.1,GGCTCGTTGGTCTAG,1268,21101165,0.9054158335553568,5,34,3123,['uc021rob.1']
61,chr14,+,28176392,28176415,G1431.1,TTTTTTTTTTTTTTACCGTTTTTT,63,28176402,0.7183008559835714,5,22,1233,[]
62,chr14,+,50361349,50361366,G1450.1,ATCTTTCATTTTCCTATG,76,50361357,0.6368884701607337,7,49,711,['uc001wxg.4']
63,chr14,+,51721498,51721519,G1452.1,TTTAATAATAACCTATTTCAAG,65,51721506,0.7046290168288307,8,62,520,"['uc001wza.4', 'uc010aoa.3']"
64,chr14,+,51721920,51721939,G1453.1,ATTTTTTATTTTTCAAATTG,88,51721931,0.6546515943903198,10,76,1068,"['uc001wza.4', 'uc010aoa.3']"
65,chr14,+,62214773,62214794,G1459.1,TATTAACATCCTTTTTTTCATG,70,62214780,0.5513374209218774,10,70,766,"['uc001xfq.2', 'uc001xfr.2', 'uc001xfs.2', 'uc021rua.1', 'uc021ruc.1']"
66,chr14,+,62214886,62214904,G1460.1,CAAATTTTTCATTCCTTTT,72,62214895,0.6571707449390578,8,53,739,"['uc001xfq.2', 'uc001xfr.2', 'uc001xfs.2', 'uc021rua.1', 'uc021ruc.1']"
67,chr14,-,69254899,69254919,G1554.1,TTAATATATTATTCTTCAACG,166,69254909,0.5753474560372794,10,182,1475,"['uc001xki.2', 'uc001xkh.2', 'uc021rve.1']"
68,chr14,-,69254923,69254939,G1555.1,TTTCCTTTTTTTCCACA,54,69254926,0.6526367210920152,9,42,498,"['uc001xki.2', 'uc001xkh.2', 'uc021rve.1']"
69,chr14,-,69775728,69775746,G1557.1,TGGTTGATTCTGCCAGTAA,11397,69775737,0.7019840816216341,7,3000,73945,"['uc001xla.2', 'uc001xlb.2', 'uc010aqu.2']"
70,chr14,-,77977410,77977430,G1564.1,ACATATTTTTTATTTTTTTCT,53,77977420,0.6012667740167624,13,54,741,['uc001xub.3']
71,chr15,+,39889307,39889327,G1616.1,TTTATTTTTATAAATTATTTT,64,39889318,0.645635802760667,13,47,899,"['uc001zkh.3', 'uc010bbi.3']"
72,chr15,+,39889373,39889389,G1617.1,TTTAAATAATTTATCAG,68,39889382,0.6007513291009643,8,60,484,"['uc001zkh.3', 'uc010bbi.3']"
73,chr15,+,39889418,39889432,G1618.1,TATTTTTATATAATG,61,39889429,0.6908110849083542,5,39,505,"['uc001zkh.3', 'uc010bbi.3']"
74,chr15,+,39889510,39889527,G1619.1,ACCTCCCATTTTTACTAT,62,39889517,0.6510911734617671,7,52,444,"['uc001zkh.3', 'uc010bbi.3']"
75,chr15,+,48634411,48634425,G1627.1,TTACTTTTTTTTATG,64,48634420,0.59090535043857,7,36,666,"['uc001zws.3', 'uc001zwt.3', 'uc001zww.3']"
76,chr15,+,49171861,49171879,G1628.1,TTATTCTATCAACTTTTAA,61,49171870,0.6008684046173804,8,44,563,"['uc001zxb.1', 'uc001zxc.1']"
77,chr15,+,81615984,81616001,G1666.1,ACCACATTCTTTCATTTT,85,81615992,0.6064335402080411,9,45,719,"['uc002bgm.3', 'uc002bgn.3']"
78,chr15,-,44280836,44280852,G1702.1,AATACTTCTTTATTTTG,2195,44280843,0.6310137662980068,10,715,21183,"['uc001ztk.1', 'uc001ztl.3', 'uc001ztm.3', 'uc001ztn.3']"
79,chr15,-,52842812,52842832,G1709.1,TTCTTTCTCTTTTTTTTTTAG,88,52842812,0.5943844705366775,15,68,1332,"['uc002acd.1', 'uc002ace.1']"
80,chr16,+,33963062,33963091,G1808.1,AGTCCACTTTAAATCCTTTAACGAAGATCC,947,33963076,0.9436644882636871,8,465,3511,[]
81,chr16,+,33963094,33963117,G1808.2,TGGAGGGCAAGTTTAGTGCCAGCA,1851,33963102,0.9005528691938183,5,57,1186,[]
82,chr16,+,33963178,33963188,G1808.3,GTTGGATCTTG,2051,33963183,0.5048840403931686,5,110,7632,[]
83,chr16,+,33963237,33963261,G1809.1,CCCTTGCCTCTTGGCGCCCCCTCGA,445,33963251,0.9520044714563785,6,388,1638,[]
84,chr16,+,33963380,33963401,G1809.2,CTATTTTGTTGGTTTATGGAAC,1095,33963389,0.7078650086093763,9,371,6377,[]
85,chr16,+,33963561,33963579,G1810.1,GTGGTAGTTCTGACCATAA,2438,33963570,0.6199058916089877,6,233,9907,[]
86,chr16,+,33963745,33963760,G1811.1,ATTTGACTCAACATGG,2770,33963760,0.9988455503727776,5,175,4903,[]
87,chr16,+,33965558,33965569,G1817.1,CTTTGCCTGTCT,2484,33965558,0.9059864772058206,6,878,8176,[]
88,chr16,+,52690594,52690612,G1829.1,TTTTTATTTTTTTCATTAG,128,52690606,0.6243765532182571,13,63,1727,[]
89,chr16,-,2303221,2303239,G1880.1,ACTATAAAATTTCTCTTTT,84,2303230,0.7053595048910662,9,69,769,"['uc002cpt.3', 'uc002cpu.3', 'uc002cpw.3', 'uc002cpx.3', 'uc010uwa.2']"
90,chr16,-,18803135,18803154,G1897.1,TTAATTTTACCTTACTTTCA,86,18803146,0.6273588820877111,9,82,850,"['uc010van.1', 'uc002dfl.1', 'uc010bvz.1']"
91,chr16,-,18803164,18803183,G1898.1,TTTTTTTATTATTTCATAAG,91,18803173,0.5911694393885596,13,53,1128,"['uc010van.1', 'uc002dfl.1', 'uc010bvz.1']"
92,chr17,+,16344859,16344877,G2001.1,TATCATTCATTACATTCTT,81,16344868,0.6068093552419429,7,63,736,"['uc021tqv.1', 'uc021tqw.1', 'uc002gqb.4', 'uc010vwk.2', 'uc010vwh.2', 'uc021tqx.1', 'uc010vwi.2', 'uc010cpd.3', 'uc021tqy.1', 'uc002gqc.3', 'uc021tqz.1', 'uc010vwg.2', 'uc010vwj.2', 'uc002gqa.4', 'uc010vwo.1', 'uc010vwp.1', 'uc010vwl.1', 'uc010vwm.1', 'uc010vwn.1', 'uc021tra.1', 'uc021trb.1', 'uc021trc.1', 'uc010cpe.2']"
93,chr17,+,18111838,18111851,G2005.1,TATATTTTTCCTTG,117,18111847,0.6503173209318333,6,65,988,['uc010cpw.3']
94,chr17,+,32583879,32583895,G2020.1,AACTTATTTTCCCCTAG,76,32583888,0.6400948394287885,5,70,462,['uc002hhy.3']
95,chr17,+,47269914,47269945,G2045.1,CTCTGGACTTTGAATCCAGCGATCCGAGTTCA,566,47269935,0.8535508970697008,5,60,1683,['uc021tzn.1']
96,chr17,+,47907549,47907575,G2047.1,TTTTTTTTTTTTTTTTTTTTTTAAAAA,50,47907575,0.7765262919192614,12,18,1082,[]
97,chr17,+,57918634,57918651,G2056.1,TAGCTTATCAGACTGATG,2187,57918634,0.5879250612340807,6,39,13051,"['uc021uau.1', 'uc002ixv.3']"
98,chr17,+,66527848,66527866,G2065.1,TTCTTTCTTTTCTTTTTTA,60,66527857,0.6076658983065002,12,33,863,"['uc002jhg.4', 'uc002jhj.4', 'uc002jhh.4', 'uc002jhi.4', 'uc002jhk.4', 'uc002jhl.4', 'uc031ref.1']"
99,chr17,+,74560521,74560539,G2078.1,TTTTTAATTTTAAAGTTGG,194,74560531,0.6761641361471903,9,167,1949,"['uc002jsa.2', 'uc021udi.1', 'uc002jsb.2', 'uc021udj.1', 'uc002jsd.2']"
100,chr17,-,4848978,4848992,G2098.1,TTTTTTGGGGTTTTT,59,4848986,0.8099450875366286,5,49,577,['uc002gaa.4']
101,chr17,-,33478162,33478251,G2141.1,ACCCGCTGAATTTAAGCATATTTGTCAGCGGAGGAAAAGAAACTAACCAGGATTCCCTCAGTAATGGCGAGTGAACAGGGAAGAGCCCAG,2845,33478185,0.938500663286888,10,1294,6160,"['uc002hjc.3', 'uc002hja.3', 'uc002hjb.3', 'uc010cto.3']"
102,chr17,-,40554738,40554759,G2154.1,TTTAAGGGATTGGGGGAGGGAG,131,40554738,0.8131175717038804,5,12,611,"['uc010wgi.2', 'uc002hzo.3']"
103,chr17,-,42112925,42112943,G2157.1,TCTCTTTTTACTAGATCAT,99,42112933,0.6471057125121891,10,73,901,"['uc010wit.2', 'uc002iev.3']"
104,chr17,-,56082528,56082544,G2170.1,AACTCCATACTCTTCAG,118,56082536,0.5986517867791845,5,106,484,"['uc002ivi.3', 'uc002ivj.3']"
105,chr17,-,71204007,71204023,G2186.1,ATCTTAATGGGTTCGAT,64,71204017,0.6175601325441771,6,32,415,"['uc002jjf.1', 'uc002jjg.3', 'uc002jjh.3', 'uc002jjj.4', 'uc002jji.4']"
106,chr17,-,73164218,73164237,G2191.1,TTTTTTTTTTTAACTAAACA,95,73164227,0.6058370139786158,12,57,1083,"['uc002jne.3', 'uc002jnf.3']"
107,chr17,-,79477134,79477146,G2199.1,TTCTTAATTTATG,144,79477137,0.6775788464546699,7,73,1079,"['uc002kag.3', 'uc002kak.2', 'uc002kal.2']"
108,chr18,+,60110757,60110769,G2244.1,TTTTTAATTTTCG,237,60110766,0.7260478689230977,5,228,1905,[]
109,chr18,+,77772984,77772998,G2262.1,CTTCTGGGTCGGGGT,166,77772989,0.6559055562981644,5,13,751,['uc010drg.3']
110,chr18,-,19133419,19133432,G2272.1,TTTTTTTTTTTTTT,50,19133432,0.5345832023522988,7,11,689,"['uc002kth.1', 'uc002kti.1']"
111,chr18,-,23710327,23710339,G2279.1,TTTTACTCCTTTT,51,23710327,0.6517196638917038,9,20,436,[]
112,chr19,+,811614,811630,G2328.1,TTTTATTTTATTCCTTG,89,811623,0.6578868781502517,9,78,990,"['uc002lpp.2', 'uc002lpq.2', 'uc002lpr.2']"
113,chr19,+,36066528,36066554,G2379.1,GTGTTGGTTGATATAGACAGCAGGACG,2979,36066546,0.8821246708930426,7,335,6207,[]
114,chr19,+,36066690,36066725,G2380.1,CTTAGAGGTCTTGGGGCCGAAACGATCTCAACCTAT,1270,36066710,0.9367408657594828,6,734,3882,[]
115,chr19,+,42013459,42013475,G2384.1,TTTATTTTTTTCATTAG,134,42013475,0.6533336962725703,12,70,1535,[]
116,chr19,-,6414694,6414704,G2425.1,TATTTTTTAAA,50,6414695,0.5398010994997227,6,10,340,['uc002mer.4']
117,chr19,-,22877642,22877674,G2445.1,GAGGGACAAGTGGCGTTTAGTTGGTGGAGCGAT,1522,22877654,0.8915454121090354,6,108,3098,[]
118,chr19,-,24182417,24182444,G2446.1,GGGAACCTGAGCTTGGTTTAGAACGTCA,1869,24182444,0.892256437209825,6,142,8244,[]
119,chr19,-,24184104,24184129,G2451.1,TAGCAAATATTCAAATGAGAACTTTG,5520,24184113,0.8613882008154473,8,2738,18701,[]
120,chr19,-,35477021,35477036,G2470.1,TTGATCTTGCTAGTTG,375,35477026,0.7888734655668478,7,399,2322,[]
121,chr2,+,26357962,26357979,G2523.1,TCCATTTTTAACTCTAAA,106,26357971,0.6342842037006947,7,99,745,['uc002rgv.3']
122,chr2,+,29023826,29023840,G2528.1,TCTTTTTTTCTAATT,125,29023832,0.6044291843166648,6,39,1334,"['uc010ymj.2', 'uc002rmg.3', 'uc010yml.2', 'uc002rmh.3', 'uc002rmi.3']"
123,chr2,+,70316169,70316185,G2577.1,GGGTTTTTTGGCTCATG,637,70316178,0.7317386996630855,6,380,4715,['uc002sgf.3']
124,chr2,+,85772063,85772081,G2597.1,TTTTTTTTTTTCTCTCAAC,127,85772073,0.5714138877061183,13,61,1539,"['uc002spr.3', 'uc010yss.2', 'uc002sps.3', 'uc010yst.2']"
125,chr2,+,178085194,178085210,G2677.1,TTAAATTCTTTTTTTTG,82,178085206,0.6140046680189167,7,41,941,"['uc002ule.3', 'uc002ulc.1', 'uc002uld.2']"
126,chr2,+,187544507,187544523,G2683.1,TTTCTCTTTTCTCTTAA,236,187544514,0.6319141432592345,8,114,2443,"['uc002upq.4', 'uc010frs.4', 'uc010zfv.3']"
127,chr2,+,237490534,237490552,G2738.1,ACTTTATTTTCTCACTATT,54,237490543,0.6415509865112109,6,45,549,"['uc010fyq.3', 'uc002vwd.3']"
128,chr2,-,70476168,70476191,G2817.1,GCCGCTGGTGTAGTGGTATCATGC,978,70476177,0.6141665637877217,6,38,6344,"['uc021viy.1', 'uc021viz.1']"
129,chr2,-,74383234,74383251,G2820.1,TTATTCTTTTATTTTACG,58,74383236,0.5727185930920544,9,22,672,['uc002skh.4']
130,chr2,-,131094737,131094749,G2852.1,ATTCCTGGTTTTC,435,131094737,0.9125709221838032,6,57,1585,['uc021vol.1']
131,chr2,-,133010735,133010749,G2857.1,GGGCTATGCCTGTCT,596,133010745,0.8183098535095065,5,445,2286,['uc002ttj.3']
132,chr2,-,133011940,133011960,G2859.1,GTAACAAAGTTTCGGTAGGTG,6631,133011951,0.7647610930104695,6,662,18178,['uc002ttj.3']
133,chr2,-,133012880,133012899,G2866.1,TTCTATTTTGTTGGTTTTCG,875,133012889,0.8043020316618911,9,508,8756,['uc002ttj.3']
134,chr2,-,133013075,133013090,G2867.1,TAGTTGAATCTTGGGA,2558,133013080,0.8482094938188147,5,403,6987,['uc002ttj.3']
135,chr2,-,133013131,133013156,G2867.2,TGCCAGCAGCCGTGGTAATTCCAGCT,2260,133013147,0.9885514172770241,6,787,3298,['uc002ttj.3']
136,chr2,-,133038674,133038692,G2882.1,TTCAAATGAGAACTTTGAA,442,133038686,0.9774860698292576,5,130,1493,[]
137,chr2,-,133038988,133039009,G2885.1,GCCATGGAAGTTGGAATCCGCT,1054,133038998,0.8191406568770516,5,860,3556,[]
138,chr2,-,136872268,136872287,G2892.1,ACTTATTTATATAAATTTTT,67,136872277,0.6081341260226399,12,54,744,"['uc002tuy.3', 'uc010fnk.3', 'uc002tuz.3']"
139,chr2,-,219866383,219866391,G2954.1,TTTGTTCGT,1161,219866391,0.6572980310706177,5,30,6811,['uc010fvz.1']
140,chr2,-,230045489,230045523,G2961.1,TTCAGATCCCCGAATCCGGAGTGGCGGAGATGGGC,557,230045489,0.9818105333021732,6,13,1247,"['uc002vpr.4', 'uc002vps.4', 'uc002vpt.4', 'uc002vpu.4']"
141,chr2,-,231437230,231437247,G2963.1,TTTTATTTTTTTCATTAG,74,231437230,0.6751681281674923,11,50,911,[]
142,chr20,-,34633826,34633845,G3076.1,ATCTTTTTTTTTTTTTTTAG,54,34633837,0.5677964968663191,14,48,802,['uc002xet.3']
143,chr20,-,43954902,43954913,G3086.1,CCTTGGCCCTTT,288,43954912,0.5609953619185744,5,48,1392,"['uc002xnu.3', 'uc010zws.2']"
144,chr21,+,9827077,9827101,G3103.1,CGGTACAGTGAAACTGCGAATGGCT,2049,9827088,0.8336188142141627,5,158,6576,[]
145,chr21,+,9827137,9827168,G3103.2,CCTCTCCTACTTGGATAACTGTGGTAATTCTA,7067,9827155,0.9600622472805368,12,2588,36775,[]
146,chr21,+,9827543,9827573,G3103.3,CTTTCGAGGCCCTGTAATTGGAATGAGTCCA,510,9827553,0.9861034219669064,5,203,1982,[]
147,chr21,+,41239095,41239114,G3128.1,TTTTTTTTTTTTTTTAAAAG,128,41239106,0.6158213880442219,12,52,1868,[]
148,chr22,+,18222223,18222242,G3174.1,ATTCCGGATGATGTCTTCTT,22155,18222242,0.5347186617496165,9,418,197413,"['uc002znc.2', 'uc021wko.1', 'uc002znd.2', 'uc002zne.2', 'uc021wkp.1', 'uc002znf.2', 'uc010gra.2', 'uc010grc.1', 'uc010grb.1']"
149,chr22,+,20114660,20114679,G3177.1,TATTCTTTCATTTTTACAAG,172,20114679,0.6192346988871146,11,145,1746,"['uc002zro.1', 'uc002zrp.3']"
150,chr22,+,46508632,46508653,G3216.1,TGAGGTAGTAGGTTGTATAGTT,1105,46508646,0.5369780258522947,8,19,9460,"['uc003bgt.4', 'uc021wrn.1', 'uc021wro.1']"
151,chr22,-,38881861,38881879,G3254.1,CCTTTTTTTTTCCTCTTCG,78,38881869,0.6859077519981039,11,69,867,"['uc003avw.4', 'uc003avy.4', 'uc003avx.4']"
152,chr3,+,9848312,9848329,G3286.1,CTTATTTTTTCTCTCCTA,283,9848321,0.6580769789025603,10,238,2875,"['uc003btb.2', 'uc003bta.2', 'uc003bsz.2', 'uc003btd.4', 'uc003btc.2', 'uc021wsu.1']"
153,chr3,-,149087588,149087607,G3556.1,TAATTTATATATTTCACTTG,123,149087595,0.5768650235587498,8,99,1249,"['uc003exb.1', 'uc003exc.1']"
154,chr3,-,160219048,160219065,G3562.1,TTTTTATTTACTTTACCT,135,160219057,0.6161053228968076,7,99,1505,['uc003fdn.3']
155,chr3,-,161145849,161145869,G3564.1,TTTTTTTTTTCCCCTTATTTC,140,161145856,0.8338085805755809,5,36,1983,['uc031sce.1']
156,chr3,-,176741873,176741887,G3576.1,TAATCACTACTATAT,74,176741882,0.6942186988964398,6,49,384,"['uc003fiw.4', 'uc003fix.4', 'uc011bpz.2']"
157,chr4,+,76807208,76807220,G3663.1,TACTGATGATCTG,1386,76807220,0.9374438655895504,5,217,3928,"['uc003hiz.1', 'uc003hix.3', 'uc003hiy.3']"
158,chr4,+,88815373,88815392,G3673.1,TATTTTATTTTCTTCATTTT,61,88815383,0.6620389975667752,11,33,880,[]
159,chr4,+,108832289,108832301,G3686.1,TCACTTTTTTTTG,109,108832299,0.6107449481669268,7,50,929,"['uc003hyl.4', 'uc003hyn.3', 'uc003hyo.3', 'uc003hym.1']"
160,chr4,+,167063753,167063772,G3739.1,AATATTCAAATGAGAACTTT,890,167063763,0.7937470078431889,6,433,4440,[]
161,chr4,-,30578382,30578402,G3790.1,TTGGGATTGACTGGTGGGGAG,2058,30578383,0.6344471479249538,6,25,12311,[]
162,chr4,-,76568576,76568588,G3819.1,CCTTTATTAATAC,60,76568588,0.5556917324595176,6,46,314,"['uc003hir.3', 'uc003his.3', 'uc003hit.3']"
163,chr5,+,10437304,10437321,G3912.1,CTACTTATTTTCATTTTC,81,10437313,0.5744566219893733,10,64,827,"['uc003jet.2', 'uc011cmu.2', 'uc011cmv.2', 'uc003jeu.2']"
164,chr5,+,14696029,14696047,G3920.1,TACTCTATTATATATTCAG,200,14696038,0.5787526536962991,9,179,1618,['uc003jfk.3']
165,chr5,+,32787157,32787175,G3932.1,TAACATTTTATTTTACAAG,53,32787166,0.5458199685175742,8,52,424,"['uc003jhw.2', 'uc003jhv.3', 'uc003jhu.3']"
166,chr5,+,36087243,36087265,G3935.1,TACCTGGTTGATCCTGCCAGTTA,2261,36087265,0.6992085093569625,5,10,14076,[]
167,chr5,+,56471782,56471795,G3951.1,ATCTTTTATTTACG,69,56471795,0.7916586765826534,6,37,515,"['uc003jrh.4', 'uc003jri.4', 'uc003jrj.4']"
168,chr5,+,77082229,77082252,G3970.1,CAAAATTTTTTTAATCTTCGCCTT,7825,77082243,0.6465991452902992,11,4942,58924,[]
169,chr5,+,115249407,115249423,G4001.1,TTTTTTTCTTTTCTAAA,57,115249417,0.6271455924974014,8,15,669,"['uc003krl.3', 'uc003krk.3']"
170,chr5,+,127704541,127704558,G4016.1,TTTTTTTTTTTTACCAAG,87,127704552,0.6883238081678122,9,39,1005,"['uc003kuu.3', 'uc003kuv.2']"
171,chr5,+,151184030,151184045,G4042.1,TTTCTTATTTTCTACG,93,151184039,0.5780863290187348,9,80,850,"['uc003lun.3', 'uc003lum.3', 'uc011dcu.2', 'uc010jhz.3', 'uc003luq.3']"
172,chr5,+,179155899,179155922,G4078.1,CAAACTAACTTTTTTTTTTTTAAC,83,179155899,0.6406674703991956,10,23,1055,"['uc011dgp.2', 'uc003mkk.3', 'uc003mkl.3', 'uc011dgq.2']"
173,chr5,+,179157277,179157295,G4080.1,TTTTTTTTTCTTTTTAAAG,82,179157291,0.6350647308052298,11,31,1117,"['uc011dgp.2', 'uc003mkk.3', 'uc003mkl.3', 'uc011dgq.2']"
174,chr5,-,1462968,1462986,G4091.1,TTTCTTAATCCTTTTCCAG,56,1462978,0.5853076683615883,8,45,515,"['uc003jcl.3', 'uc003jcm.3']"
175,chr5,-,32125000,32125016,G4112.1,ATTTTTTATTACCATAG,76,32125006,0.6568011987066761,7,62,622,['uc003jhp.1']
176,chr5,-,32125090,32125106,G4113.1,TTATTTTTACTATTTCT,58,32125099,0.6077341895046772,9,20,643,['uc003jhp.1']
177,chr5,-,40715324,40715338,G4120.1,GAATTACTTTTCTAG,125,40715327,0.5810414462320617,7,79,795,"['uc003jma.3', 'uc011cpm.2', 'uc010ivg.3']"
178,chr5,-,63697931,63697948,G4141.1,AAATACTTTTTTATTTTG,148,63697940,0.6056185581121151,10,70,1557,[]
179,chr5,-,79595072,79595092,G4151.1,CCTTAATACTTTTTTACTTTG,3224,79595078,0.5858518980736032,11,844,37783,['uc010jai.3']
180,chr5,-,83236481,83236495,G4153.1,TATACTTATATCACG,61,83236484,0.6500271776298384,5,42,324,[]
181,chr5,-,107006450,107006467,G4172.1,CGCCTCTTTCCTTTCTCG,189,107006457,0.5509315770996149,7,102,1406,"['uc003kol.3', 'uc010jbr.1']"
182,chr5,-,130994288,130994305,G4192.1,TAATACTTTTTTATTTTG,2620,130994296,0.6276278393299652,8,1823,29573,"['uc003kvp.2', 'uc003kvs.1', 'uc003kvt.1']"
183,chr5,-,133941389,133941409,G4197.1,TTCTTACTCCATACAACAAAG,73,133941400,0.6332816965494465,5,61,377,"['uc003kzq.3', 'uc003kzr.3']"
184,chr5,-,149787626,149787647,G4208.1,ACCTGGTTGATCCTGCCAGCAG,2715,149787638,0.5294514569078298,5,38,13524,"['uc003lsc.3', 'uc003lsd.3', 'uc003lse.3']"
185,chr5,-,174542058,174542071,G4232.1,TTTGTCTGGTTAAT,752,174542058,0.5990792845835514,5,13,3568,[]
186,chr6,+,30692283,30692297,G4325.1,TTTTTTCTTCTGGGG,276,30692288,0.5814276523988645,9,162,2225,"['uc003nrl.3', 'uc011dmq.2']"
187,chr6,+,42508754,42508769,G4343.1,TGATCCTGCTAGTAGC,39267,42508764,0.8623921277733252,5,32557,149338,[]
188,chr6,+,44221555,44221573,G4345.1,TTTTATTTTCTTCATTTTG,67,44221564,0.626332918172889,11,38,890,"['uc031sor.1', 'uc011dvr.2', 'uc003oxa.2', 'uc003oxb.2', 'uc011dvs.2', 'uc003oxc.2']"
189,chr6,+,64286735,64286755,G4361.1,ATTTTTTTAATTATTTCATAA,80,64286745,0.6393401737435416,10,25,934,"['uc003pek.3', 'uc003pel.3']"
190,chr6,+,64286768,64286788,G4362.1,TTTTTTAACTAAATTAACATG,72,64286778,0.6307591369337782,8,59,636,"['uc003pek.3', 'uc003pel.3']"
191,chr6,+,64290987,64291006,G4364.1,AATTTTTTTCCCATACTTAT,633,64290997,0.6361028701825997,11,610,6294,"['uc003pek.3', 'uc003pel.3', 'uc021zbm.1']"
192,chr6,+,64291047,64291068,G4365.1,ATTTTTTTTTTCCTTCCCAACC,62,64291057,0.6063703638227963,10,42,680,"['uc003pek.3', 'uc003pel.3', 'uc021zbm.1']"
193,chr6,+,114178626,114178638,G4408.1,TCTTTTTTTTTCG,207,114178638,0.7212152027232149,10,111,1875,['uc003pvy.4']
194,chr6,+,114181873,114181885,G4409.1,TCTTTTTTTATTT,119,114181879,0.5039641307736188,11,54,1240,['uc003pvy.4']
195,chr6,+,114181887,114181899,G4409.2,ACTTTTTTTTAAG,119,114181899,0.6465540983924403,8,51,892,['uc003pvy.4']
196,chr6,+,114182022,114182043,G4410.1,CTCTTTTATTTTTTATTTTTTC,233,114182034,0.5595579927580869,17,171,3788,['uc003pvy.4']
197,chr6,+,146925511,146925525,G4445.1,TTTTTTAAATCTTCG,241,146925520,0.6323230457821841,6,23,2146,"['uc010khx.3', 'uc003qlp.3']"
198,chr6,-,17722020,17722042,G4489.1,CCTGGGAATACCGGGTGCTGTAG,16471,17722042,0.6120211709526143,5,169,69840,[]
199,chr6,-,32922989,32922999,G4540.1,TTCCTTTTTGA,373,32922999,0.6568423601216804,6,11,2084,[]
200,chr6,-,160101585,160101609,G4646.1,TTTATTTTTCTATTTTTTTTTCATG,61,160101602,0.5793537799177559,14,46,1101,"['uc003qsg.3', 'uc003qsh.3']"
201,chr7,+,68527414,68527436,G4730.1,GATGTGATTTCTGCCCAGTGCTC,1499,68527414,0.6742070424668647,7,18,8649,[]
202,chr7,+,97314055,97314073,G4759.1,TTCTTATTTTACTTCTTTT,63,97314064,0.6167160406347401,13,62,819,[]
203,chr7,+,140559252,140559266,G4801.1,AATACTTCTTTATTT,133,140559261,0.6459730038587896,5,24,1132,['uc003vwc.4']
204,chr7,-,5566946,5566961,G4832.1,ATACTTTTTTATTTTG,2653,5566954,0.5676174157322345,7,1750,27386,"['uc003sor.4', 'uc003sot.4', 'uc003soq.4']"
205,chr7,-,5566964,5566986,G4832.2,CAAAATTTTTTTAATCTTCGCCT,5430,5566972,0.6451009646399531,11,2442,28000,"['uc003sor.4', 'uc003sot.4', 'uc003soq.4']"
206,chr7,-,5567133,5567144,G4833.1,TTTTTTTAATAG,66,5567133,0.5517806897236806,6,27,480,"['uc003sor.4', 'uc003sot.4', 'uc003soq.4']"
207,chr7,-,5567243,5567268,G4834.1,TTTTTTTTTTTTTTGGCTTGACTCAG,126,5567259,0.5584333010919824,13,38,2032,"['uc003sor.4', 'uc003sot.4', 'uc003soq.4']"
208,chr7,-,5567282,5567300,G4835.1,GCTTTATTTGTTTTTTTTG,137,5567292,0.6149732136104165,13,84,1795,"['uc003sor.4', 'uc003sot.4', 'uc003soq.4']"
209,chr7,-,6501749,6501766,G4836.1,TTCTTTTTATTTAACCCG,174,6501753,0.6806168072789327,10,149,1585,"['uc003sqd.4', 'uc003sqe.4', 'uc003sqf.4']"
210,chr7,-,10640272,10640291,G4838.1,CTTAATACTTTTTTACTTTG,87,10640291,0.5701504998448291,8,21,1014,[]
211,chr7,-,39608283,39608302,G4861.1,ATTTTTTATTTTTCAAATTG,55,39608292,0.6322569476341582,9,52,663,['uc003thc.4']
212,chr7,-,75958100,75958114,G4887.1,TCCTTCTTTCCTCTT,124,75958108,0.5831980891488971,8,92,1021,['uc011kgj.1']
213,chr7,-,111546855,111546873,G4909.1,TGTGGAAGCTGCCTGCACT,785,111546865,0.6434782522142448,5,9,3582,"['uc003vfx.3', 'uc003vfy.3']"
214,chr7,-,130561506,130561528,G4920.1,TAGCACCATCTGAAATCGGTTAT,560,130561519,0.5415522412081063,5,7,3317,"['uc022alq.1', 'uc022alr.1', 'uc022als.1', 'uc022alt.1', 'uc011kpj.2']"
215,chr7,-,135611877,135611894,G4924.1,TTTTTTTTTCTAATATTT,70,135611885,0.7019909633042758,8,62,915,"['uc003vte.4', 'uc010lmv.3']"
216,chr7,-,148595795,148595815,G4940.1,TACCTGGTTGATCCTGACAGT,545,148595811,0.5710902835652581,5,14,3758,[]
217,chr8,+,86213318,86213332,G5041.1,CTACTTTTTATCAAG,58,86213332,0.6780158208887904,5,20,386,['uc003ydf.1']
218,chr8,+,128753396,128753412,G5079.1,TTTTTTTTCTTTAACAG,461,128753412,0.6082300304198786,11,300,4761,['uc003ysi.3']
219,chr8,-,30536203,30536221,G5128.1,CCTTATTTTCTTTTTTCTT,65,30536216,0.5854615734067503,12,31,875,"['uc003xih.2', 'uc022ato.1', 'uc022atp.1', 'uc022atq.1']"
220,chr8,-,30988407,30988422,G5132.1,CTCTTATCTTTATACT,168,30988422,0.604840544457948,7,29,1483,"['uc003xio.4', 'uc010lvk.3']"
221,chr8,-,35382037,35382056,G5137.1,TCTCTTTTTACTAGATCATG,91,35382045,0.6548152129366321,9,65,840,['uc003xjr.2']
222,chr8,-,70602328,70602357,G5166.1,TGACTCTAGTCTGGCATGGTGAAGAGACAT,2276,70602343,0.9683680391224224,7,215,6776,"['uc010lzb.3', 'uc011lfa.2', 'uc003xyk.3', 'uc003xyl.3']"
223,chr8,-,91636179,91636196,G5178.1,AATCCTAATTACTCATTT,84,91636188,0.6691139003503341,6,82,589,"['uc003yen.2', 'uc011lgf.1', 'uc003yeo.2']"
224,chr8,-,124169485,124169511,G5197.1,CTCATAATCTGAAGGTCGTGAGTTCGA,1435,124169502,0.6869912583720535,7,27,5627,['uc022bah.1']
225,chr8,-,125137433,125137450,G5198.1,TGTTGATTCTGCCTGTAG,232,125137442,0.5860269959702162,6,19,1834,['uc003yqy.1']
226,chr8,-,128233797,128233814,G5199.1,TTCCTTTTACTCTACCAT,66,128233806,0.5949434080497583,6,48,546,[]
227,chr8,-,128240814,128240835,G5200.1,TTTTCTTAATTTTAAATAAATT,219,128240819,0.5706093501261525,13,112,2469,['uc003ysb.3']
228,chr8,-,128240995,128241002,G5201.1,ATTTCATT,56,128241001,0.578148368234045,5,12,256,['uc003ysb.3']
229,chr9,+,4850344,4850362,G5235.1,GTACAGTACTGTGATAACT,606,4850344,0.6307165748662343,5,13,3612,"['uc003zis.2', 'uc010mhl.1', 'uc003ziu.1']"
230,chr9,+,91771395,91771411,G5292.1,AATTTTTTTAATCTTCG,64,91771405,0.5704913102771151,9,48,592,['uc004aqf.2']
231,chr9,+,126842689,126842706,G5331.1,TACCTGGTTGATCCTGCC,44594,126842696,0.600816298085749,6,687,263726,[]
232,chr9,+,131457070,131457088,G5339.1,TCTCTTTTCTCTACTCCAT,116,131457079,0.635906860349626,7,66,1082,"['uc004bvt.4', 'uc022bol.1', 'uc004bvu.4', 'uc011mbj.2']"
233,chr9,+,137735037,137735053,G5348.1,TTTCTTTTTTCTACATG,93,137735046,0.5846308226446766,11,59,964,"['uc004cfe.4', 'uc031tfl.1', 'uc004cff.3']"
234,chr9,-,14084249,14084267,G5368.1,ACTTTTTAACAATTATAAT,51,14084257,0.6174261250083755,8,47,411,"['uc003zld.3', 'uc003zlf.3', 'uc003zle.3', 'uc022bdo.1', 'uc022bdp.1']"
235,chr9,-,33110669,33110688,G5390.1,CCTTTAAAATTAAATAATAT,73,33110679,0.5600771318381387,8,83,501,['uc003zsg.2']
236,chr9,-,110197094,110197112,G5430.1,TAATACTTTTTTATTTTGT,2601,110197103,0.6339605042795521,8,1733,29506,[]
237,chrM,-,14491,14511,G5472.1,TTTTTTTAATTTATTTAGGGG,122,14503,0.6098028894327174,9,29,1514,['uc022bqs.1']
238,chrX,+,55389847,55389861,G5515.1,TTTTTATTCACTTTA,127,55389853,0.5523152898013646,9,17,1249,[]
239,chrX,+,108297739,108297758,G5553.1,ATACCACTACTCTGATCGTT,387,108297749,0.7533111767201601,5,97,1682,[]
240,chrX,+,121577768,121577784,G5565.1,TTTTTTTTTTTACCAAG,55,121577784,0.7299836829598373,7,24,581,[]
241,chrX,-,25663738,25663758,G5603.1,TTATTCTTTCATTTTTACAAG,100,25663740,0.5784303789371731,12,97,1100,[]
242,chrX,-,45605609,45605630,G5615.1,AGCTACATTGTCTGCTGGGTTT,724,45605630,0.6127550081908087,6,12,5193,['uc011mle.1']
243,chrX,-,135956180,135956195,G5672.1,TTTTTTAAATTCCCTG,115,135956185,0.7713550231592747,7,91,944,"['uc011mwf.1', 'uc004fad.1', 'uc011mwg.2', 'uc004fae.2', 'uc004faf.2']"
244,chrY,+,10036535,10036570,G5703.1,TTGTACACACTGCCAGTCGCTACTACTGATTGGATG,2195,10036544,0.9416940251477446,6,2812,8928,[]
245,chrY,+,10037761,10037777,G5705.1,TATGACTTTTAGCGGTG,15101,10037761,0.9203968411819556,6,17304,53012,[]
